,text,target,true_label,pred_label
0,虽然但是，我真的不同情她,恶意殴打他人者的妻女被网暴,POSITIVE,NEITHER
1,不阻止是我的态度,恶意殴打他人者的妻女被网暴,POSITIVE,NEITHER
2,你想打人就打人，网民想怎样你也管不着呀,恶意殴打他人者的妻女被网暴,POSITIVE,NEITHER
3,那怎么办，她爸爸得到制裁了吗，如果没有，我们也只能网暴她，我们又没有执法权,恶意殴打他人者的妻女被网暴,POSITIVE,AGAINST
4,政审怎么说我就怎么做,恶意殴打他人者的妻女被网暴,POSITIVE,NEITHER
5,祸不及子女的前提是福不及子女，他女儿没有享受过他任何脏钱和保护，那么的确不该受牵连……,恶意殴打他人者的妻女被网暴,POSITIVE,AGAINST
6,真踏马活该,恶意殴打他人者的妻女被网暴,POSITIVE,NEITHER
7,中国的社会环境从古至今都是这样，要改变还需要一段时间。都是成年人，在他拿起板凳的时候就该想到这些。自己的孩子自己不心疼，就不要指望别人心疼了。说起无辜，被打的人也无辜。只能说孩子出生在这样的家庭就是倒霉的开始，没有烧烤事件还有其他事件拖累她一辈子。,恶意殴打他人者的妻女被网暴,AGAINST,POSITIVE
8,不要这样，小姑娘很可能也是被她爸爸从小殴打长大的,恶意殴打他人者的妻女被网暴,AGAINST,POSITIVE
9,确实无辜，这四个女孩不无辜吗,恶意殴打他人者的妻女被网暴,AGAINST,POSITIVE
10,尽管孩子无辜，但是别人家的孩子又何尝不无辜呢，不提高犯罪的成本，罪犯只会更肆无忌惮,恶意殴打他人者的妻女被网暴,AGAINST,POSITIVE
11,大家的三观都是，他的女儿被网暴是应该的吗？？？？,恶意殴打他人者的妻女被网暴,AGAINST,POSITIVE
12,理论上讲，确实不该网暴人家女儿。 但这只是理论，这种人的女儿肯定会被牵连的。因为哪怕是我这种比较理智的人，我的孩子如果和打人者的孩子一个学校，我一定会叮嘱孩子不要和她过多接触，甚至远离！ 父母的品行不端，孩子很难三观正。,恶意殴打他人者的妻女被网暴,AGAINST,POSITIVE
13,她爸的错，跟她没关系，谁叫她有这样的爸,恶意殴打他人者的妻女被网暴,AGAINST,POSITIVE
14,马上转学,恶意殴打他人者的妻女被网暴,AGAINST,POSITIVE
15,我想说，网友们这么施暴，和那九个暴徒又有什么区别呢？,恶意殴打他人者的妻女被网暴,AGAINST,POSITIVE
16,…让他女儿和他断绝关系,恶意殴打他人者的妻女被网暴,AGAINST,NEITHER
17,虽说网暴他女儿可能就是说祸不及家人，，但是正常人绝对得远离 远离 远离他们一家子，咱都是老百姓，没那个普渡众生的能力！自己能活好都不容易了,恶意殴打他人者的妻女被网暴,NEITHER,AGAINST
18,他女儿生长在这样的家庭环境，有这样的父亲，耳濡目染，能是善类吗？,恶意殴打他人者的妻女被网暴,NEITHER,POSITIVE
19,没办法，现实,恶意殴打他人者的妻女被网暴,NEITHER,POSITIVE
20,她该埋怨的是他爸呀～这不就是告诫那些犯罪的份子做事之前先想想自己的父母孩子,恶意殴打他人者的妻女被网暴,NEITHER,AGAINST
21,在这样的环境下长大…,恶意殴打他人者的妻女被网暴,NEITHER,POSITIVE
22,原来他也有女儿…,恶意殴打他人者的妻女被网暴,NEITHER,POSITIVE
23,官方的公信力何在，尽快通报四名女孩的情况吧，依法处理犯罪人员，请不要在伤及到其他无辜人员。,恶意殴打他人者的妻女被网暴,NEITHER,POSITIVE
24,虽然小孩是无辜的  但是请问各位  如果你们自己的孩子他这种人的孩子在一个班 一个学校你们愿意吗,恶意殴打他人者的妻女被网暴,NEITHER,POSITIVE
25,我觉得他爸没出事前，他女儿会借着他爸的势力在学校霸凌其他人,恶意殴打他人者的妻女被网暴,NEITHER,POSITIVE
26,这不是校园暴力，这是交友自由选择权,恶意殴打他人者的妻女被网暴,NEITHER,POSITIVE
27,相反我希望那4个女孩经历的都在她女儿身上经历一次呢,恶意殴打他人者的妻女被网暴,NEITHER,POSITIVE
28,警方不要纵容,女子不让6岁男童上女厕所遭痛骂,AGAINST,NEITHER
29,隔着屏幕都吓到我了在现场应该会很窒息吧,女子不让6岁男童上女厕所遭痛骂,AGAINST,NEITHER
30,玩不起,女子不让6岁男童上女厕所遭痛骂,AGAINST,NEITHER
31,熊孩子之所以能成为熊孩子通常是因为他们的家长是熊家长～～该家长扭曲的价值观该被社会教育,女子不让6岁男童上女厕所遭痛骂,AGAINST,NEITHER
32,光辉形象留着吧!,女子不让6岁男童上女厕所遭痛骂,AGAINST,NEITHER
33,怎么就没有人觉得那个女生太矫情了吗？小男孩又没扒门缝，至于把小孩子凶哭么，在外都互相体谅一下,女子不让6岁男童上女厕所遭痛骂,POSITIVE,AGAINST
34,我只想问如果就一个人带6岁的孩子。不上女厕所上哪，被抱走怎么办,女子不让6岁男童上女厕所遭痛骂,POSITIVE,AGAINST
35,为什么要去骂一个孩子呢，哎，有些时候父母带孩子去女厕确实是迫不得已,女子不让6岁男童上女厕所遭痛骂,POSITIVE,AGAINST
36,互相体谅？那小男孩在独立的卫生间你去说人家做什么,女子不让6岁男童上女厕所遭痛骂,POSITIVE,AGAINST
37,人家妈妈说的对着，虽然小孩不对，你也应该先找监护人说。直接吼小孩，没有意义,女子不让6岁男童上女厕所遭痛骂,POSITIVE,AGAINST
38,不能片面看到这个事。当妈的心情能理解，可以解释。,女子不让6岁男童上女厕所遭痛骂,POSITIVE,AGAINST
39,还好我们这商场啥的都有儿童卫生间。,女子不让6岁男童上女厕所遭痛骂,NEITHER,AGAINST
40,6岁男孩怎么不知道自己该去那个厕所呢,女子不让6岁男童上女厕所遭痛骂,NEITHER,AGAINST
41,有孩子的我都不敢看评论……幸好我儿子能自己上厕所了,女子不让6岁男童上女厕所遭痛骂,NEITHER,AGAINST
42,不打码确实不合适,女子不让6岁男童上女厕所遭痛骂,NEITHER,AGAINST
43,我就想知道怎么处理的,女子不让6岁男童上女厕所遭痛骂,NEITHER,AGAINST
44,说实话，6岁小孩跟妈妈上厕所很正常，才幼儿园。,女子不让6岁男童上女厕所遭痛骂,POSITIVE,AGAINST
45,帮忙转发提高她的知名度,女子不让6岁男童上女厕所遭痛骂,NEITHER,AGAINST
46,应该有儿童特殊人群的那种洗手间才对,女子不让6岁男童上女厕所遭痛骂,NEITHER,AGAINST
47,说实话我没有搞懂谁是谁！,女子不让6岁男童上女厕所遭痛骂,NEITHER,AGAINST
48,处理后续？,女子不让6岁男童上女厕所遭痛骂,NEITHER,AGAINST
49,不能下架,女子不让6岁男童上女厕所遭痛骂,NEITHER,AGAINST
50,估计要被指指点点,女子不让6岁男童上女厕所遭痛骂,NEITHER,AGAINST
51,一家三口女性上男厕所,女子不让6岁男童上女厕所遭痛骂,NEITHER,AGAINST
52,家长带孩子进男厕女厕这个 其实咋不好弄 没条件的 干脆都别分男女了 反正现在都是小隔间 隔板封死一些 设置报警器 这样也能解决一部分女厕排队不够用的问题 ,女子不让6岁男童上女厕所遭痛骂,NEITHER,AGAINST
53,我觉得永旺的卫生间很贴心，这一点不得不承认日本做的很好。除了男女卫生间，外面有可以自理的儿童卫生间，里面还有父母可陪同的更小的幼儿卫生间，外面还有一个多功能卫生间方便残障人士。自动马桶盖配备纸巾消毒液之类的就更不用说了，真的很舒心。,女子不让6岁男童上女厕所遭痛骂,NEITHER,POSITIVE
54,怎么玩不起啊 我说实话你就拉黑什么成分,女子不让6岁男童上女厕所遭痛骂,NEITHER,AGAINST
55,男童妈知错后，公开向女子道歉了。,女子不让6岁男童上女厕所遭痛骂,NEITHER,AGAINST
56,抖音这个人要不要看看你在说什么啊,女子不让6岁男童上女厕所遭痛骂,NEITHER,AGAINST
57,不让6岁男童进女厕当事人收到家长道歉：就此结束，回归生活正轨,女子不让6岁男童上女厕所遭痛骂,NEITHER,AGAINST
58,你们那边没有这个东西吗,女子不让6岁男童上女厕所遭痛骂,NEITHER,AGAINST
59,【兼听则明】一位山东律师同行的观点：如果当时被害，一百多天尸体会腐烂成啥程度，有点常识的人都知道，估计只剩骨头了；如果现在才被害，这一百多天谁养着这个孩子或者说谁在拘禁这个孩子，目的是什么？现在为什么又要杀害这个孩子？既然一百多天都没有找到，杀害了偷偷处理掉不好，非得伪造成上吊？这跟投案自首有什么区别？真以为侦查机关连自杀和他杀都分不清楚？自杀是肯定的。只是这么长时间这个孩子干了些什么？……,警方通告胡鑫宇为自杀,POSITIVE,NEITHER
60,把自杀的案件说成他杀，找出一个“杀人犯”来，然后将这个臆造出来的“故意杀人犯”枪毙，这种事情我们不是没有过，河南23岁青年魏清安、内蒙古青年呼格吉勒图、河北青年聂树斌就是这样被冤杀的。我想这不是网友想要的结果。,警方通告胡鑫宇为自杀,POSITIVE,AGAINST
61,看脚，脚掌下垂的就是自杀，脚掌跟小腿成90度的就是死后才吊上去的！,警方通告胡鑫宇为自杀,POSITIVE,AGAINST
62,别在这疑神疑鬼的，就是恰好在监控死角出去了而已，完全就是自己寻短见，浪费公众资源,警方通告胡鑫宇为自杀,POSITIVE,AGAINST
63,上吊的人，脚尖冲地，死后吊起来的人，脚尖是平的,警方通告胡鑫宇为自杀,POSITIVE,AGAINST
64,其实主要是排除勒杀，因为如果有其他伤痕、或者现场有搏斗痕迹，或者死者手指等部位有搏斗痕迹甚至残存其他人的DNA信息，基本可以推定他杀。主要是被勒死和自杀上吊比较难区分，但在尸检层面也不难区分。（1）被勒杀的伤痕凹沟通常在脖子上呈现水平方向，因为攻击者通常是从两端横向勒紧绳索等索状物导致窒息死亡。（2）上吊自杀的伤痕凹沟则斜过颈部，痕迹与颈部存在较大的夹角，较高那端在靠近绳结方向。（3）需要注意的是，上吊自杀者颈部背面可能也存在擦伤、抓伤，这往往是自杀者自己应急反应造成的，这种伤痕不意味着存在他杀。晚安！,警方通告胡鑫宇为自杀,POSITIVE,AGAINST
65,就是自杀吧，哪有这么牛逼的凶手啊,警方通告胡鑫宇为自杀,POSITIVE,AGAINST
66,事情真相只有一个，如果我要推理错误。我直播吃一瓶辣椒酱。目前来看这就是自己想不开，至于什么原因想不开。目前不好判断，需要找到手机调出所有社交账号聊天记录。那么之前100多天没发现，可能是人手不足没有找那么仔细，后来所谓的地毯式搜索，也可能是一种夸张的说法。所以大家一直纠结的点，就在于几千人那么多天，多次地毯式搜索没找到。现在突然找到了，大家表示很奇怪。没什么好奇怪的，就是之前找的没有那么认真仔细。,警方通告胡鑫宇为自杀,POSITIVE,NEITHER
67,如果这真的是他杀，那真是牛逼可以拍成电视剧了,警方通告胡鑫宇为自杀,POSITIVE,AGAINST
68,我觉得应该是自杀吧！,警方通告胡鑫宇为自杀,POSITIVE,AGAINST
69,"个人认为是他遇到什么不好/不顺心的事了，甚至也有可能是知道了什么不好的东西被威胁，承受不住压力准备离开不见人。然后大家在找他。没找到他。
过了几天等大家不找后上吊自杀了。也有可能是在学校自杀了，但是学校怕栽赃，就把他自杀后的尸体吊外面了。今天才发现。死亡时间是大家搜查后的几天，死亡时间已有一两月。说是他杀的朋友，请问杀人动机是什么？警察或政府又为什么要帮凶手隐瞒？学校为什么要害一个15岁的孩子？没有道理嘛！是不是？",警方通告胡鑫宇为自杀,POSITIVE,AGAINST
70,"2月2日，江西省、市、县联合工作专班在上饶市铅山县召开新闻发布会，通报胡某宇事件调查情况。胡鑫宇系自缢死亡，尸体发现地系原始第一现场。胡鑫宇尸检情况：根据尸体腐败程度，结合当地环境及气候条件，胡鑫宇尸体符合长期暴露在室外的特征。胡鑫宇心理刻画情况：2022年9月到致远中学就读后，因学习成绩不佳造成心理落差，加之人际关系、青春期冲动带来的压力，造成了胡某宇失踪前心理状态失衡，表现为入睡困难、早醒、醒后难以再入睡等睡眠问题，存在注意力难以集中、记忆困难等认知功能障碍，存在内疚自责、痛苦、无力无助无望感、无意义感等情绪问题，进食出现异常，有明确的厌世表现和轻生倾向。胡鑫宇录音笔中录音内容不存在人为合成、篡改情况。2022年10月14日17时40分、23时08分胡某宇录制的两段音频清晰表达了自杀意愿。

⑤：发现尸体的粮库门口有门卫24小时值守并养有护院犬，未经许可禁止进入，警方先后于2022年10月20日、21日，11月26日、27日开展四次搜寻。但胡某宇尸体缢吊地点位于院内约9300平方米树林区域内，未搜寻到位。胡鑫宇生前异常表现：入睡困难、早醒、醒后难以再入睡等睡眠问题；注意力难以集中、记忆困难等认知功能障碍；进食出现异常，食欲减退，饭量减少；存在内疚自责、痛苦、无力无助无望感、无意义感等情绪问题。胡鑫宇事件发生后，网传胡鑫宇系“熊猫血”“尸体双脚平行地面”“发现地不是第一现场，尸体是后挂到树林中”均系谣言。警方回应鞋带能否承载胡鑫宇缢吊重量：胡某宇自缢使用的鞋带系涤纶材质，单根长147厘米，宽0.8厘米。经侦查试验，同款鞋带在缓慢拉伸状态下最大承重量85公斤。",警方通告胡鑫宇为自杀,POSITIVE,NEITHER
71,搜索过，不会没发现挂在树上的遗体，已死很久，那么按逻辑推断，发现遗体的不是第一现场。谁移动了遗体？自杀？他杀？逻辑推断一定是有用的，有人说逻辑推断没用，要当事人自己说行为意图。这种人不是用心不良就是天生弱智。 ,警方通告胡鑫宇为自杀,AGAINST,POSITIVE
72,一些匪夷所思的自杀经常会引起争议，比如轰动一时的“阜阳女子身中7刀被认定自杀”一案，在死者家属第二次提出复议后，山东省潍坊公安局出具的鉴定结论仍为自杀。在实际工作中，判断疑似自杀的他杀案件的性质具有一定难度，为防止死亡原因是在他人胁迫或诱骗下发生，防止他杀被伪装成溺死、自缢或高坠等状况，一般不能以死者具有自杀的可能性就定性为自杀，只有经现场勘验、尸体检验及背景调查等方面排除他杀后才能认定为自杀。,警方通告胡鑫宇为自杀,AGAINST,POSITIVE
73,胡鑫宇自杀一案的结论如何让人信服？仿法香港的做法，成立死因裁判庭，也许是一个好办法。,警方通告胡鑫宇为自杀,AGAINST,POSITIVE
74,真的，如果不是你们突然口径一致，疯狂请水军控评洗地。一个劲的往自杀上引导群众，我真的会有些怀疑他是自杀。你们这样疯狂带节奏，洗地究竟在怕什么呢？想隐瞒什么呢？是不是特别急着想把这件事情盖棺定论然后不再讨论呢？我告诉你们，舆论引导，水军控评这样低劣肮脏的手段终究上不得台面。你们也终会迎来历史的清算。相信我，也许这一天不会很远。,警方通告胡鑫宇为自杀,AGAINST,NEITHER
75,为什么说他杀 因为他杀的话所有疑点都能解开 硬说自杀好多事情解释不通,警方通告胡鑫宇为自杀,AGAINST,POSITIVE
76, 有一个网络小V名字叫什么狗屁 飞象网项立刚 的，言之凿凿的说胡鑫宇是自杀，好像胡鑫宇给他托梦了似的。这种谣棍就应该严惩。,警方通告胡鑫宇为自杀,AGAINST,POSITIVE
77,直觉不是简单的自杀 不好说 等个调查结果先,警方通告胡鑫宇为自杀,AGAINST,POSITIVE
78,胡鑫宇那个事儿太假了，但凡脑子正常的都特么的不会觉得这个事儿是自杀，真特么的,警方通告胡鑫宇为自杀,AGAINST,POSITIVE
79,"我分享了话题 结论一，胡非自杀。录音笔的存在代表不存在遗言，遗言应当放在宿舍等众人容易发现的地方，除去粮仓多次搜索而尸体才被发现的重大疑点外，10元钱也证明了胡并非有自杀倾向，要死的人带钱做什么？这么小的金额很可能是要去往某处包括回家或者远处散心。而储粮仓库作为粮食安全战略重地，并不是什么人可以自由进出，所以胡也不可能清楚内部结构而提前做好所谓自缢准备。结合10元、录音笔、粮仓、尸体转移等多因素，至此胡自杀可能性基本消除。他杀可能性接近100%。退一万步说即使录音笔有遗言，也要做好犯罪分子强迫录制甚至技术作假的可能。 结论二：作案过程
推测胡鑫宇是被犯罪集团绑架控制，始终处于学校或者储粮仓库某隐秘处，当地各路视频未能发现踪迹情况下，犯罪分子若已经转移胡鑫宇则可以在转移后的地点轻松处理，不会冒被发现风险再度回到案发地附近，故胡鑫宇始终就在学校不远处。而这个隐秘地点警犬未发现的或者发现后未上报的原因就在于存在一种力量在阻碍胡的发现，说明如果胡被发现背后的嫌疑人非常容易被挖掘出，综合地点就在附近和遗体发现过程的蹊跷，那么凶手是谁，相关力量如何配合作案，已经不难推断。结论三 高启强不可怕，可怕的是。。。",警方通告胡鑫宇为自杀,AGAINST,POSITIVE
80,他杀的可能性大于自杀,警方通告胡鑫宇为自杀,AGAINST,POSITIVE
81,看到抖音上有个评论：小时候偷玩妈妈手机，等她找手机时，会偷偷放在明显的、容易发现的地方,警方通告胡鑫宇为自杀,AGAINST,NEITHER
82,我在想他自己自缢的话脚底下需要垫东西啊，我看警方也没有说脚底下有没有东西，比如石头啊什么的。这树的话还是有点高吧？如果脚底下没有东西不就是别人挂上去的吗？有的话就是自杀了。,警方通告胡鑫宇为自杀,AGAINST,POSITIVE
83,自杀的话是要有蹬的东西才能完成 再说三个月吊在那里，风吹日晒 早就白骨了 报道说 不是原来面貌 就是说不是面目全非 不是面目全非说明死亡时间不久 那这三个多月 人在哪 地毯式搜索都没有找到 警犬土狗都出动 何况偏偏年后这个时候被发现 又是开学期,警方通告胡鑫宇为自杀,AGAINST,POSITIVE
84,自杀可能性极低，被害可能性更大，失踪106天，100米位置，上万人搜索，救生犬，这么高频次的地毯式搜索，怎么可能发现不了，人不可能吊那么久 是有人制造作案现场，还是有人搜救时故意绕开那块区域。整个案件，扑朔迷离，更离谱。希望真相大白，还家属公道,警方通告胡鑫宇为自杀,AGAINST,POSITIVE
85,自杀在无人的教室里、宿舍里、屋顶、天台、阳台上、夜深人静的操场上都可以啊，为什么非要跑到学校以外的后山上呢？,警方通告胡鑫宇为自杀,AGAINST,POSITIVE
86,查一下进出金鸡山的监控 排出破案人员 注意带着大包的,警方通告胡鑫宇为自杀,AGAINST,NEITHER
87,想起之前看过的一部剧 跟这个很像 第一案发现场是在别的屋子 然后遗移尸到树林里伪装成自缢现场 根据尸体的死亡情况和衣着（忘记是没穿好还是穿反了）现场掉落了不属于死者的物品（也忘记是啥了）找到了凶手 就是死活想不起剧名,警方通告胡鑫宇为自杀,AGAINST,NEITHER
88,胡鑫宇的两位亲属表示，他们想上山看看发现胡鑫宇的地方到底是在哪里。然而，在前往学校后山的三叉路口，他们遭到了不明身份人员阻拦，阻止他们上山。(问：阻拦他们的是什么人？为什么要阻拦？此地无银三百两？？),警方通告胡鑫宇为自杀,AGAINST,POSITIVE
89,很多细节咱也不知道啊，还是等真相大白吧。个人倾向于他杀，自杀有点不符合逻辑,警方通告胡鑫宇为自杀,AGAINST,NEITHER
90,当地居民提供的线索是：胡鑫宇被发现时“衣服烂了，人体组织有腐化”，殡仪馆的官方人士也表示遗体已经不是原来的样貌了。再加上，尸体被发现的地点距离胡鑫宇就读的“致远中学”直线距离不足百米，以及胡鑫宇的一位家属表示搜救人员曾多次筛查这里，他们家属也去搜过，但全都没发现小胡的踪迹。其实，能够推断出一个基本的结论，那就是，胡鑫宇是遭遇他杀一段时间之后，又被挂在了尸体发现地伪装成“自缢身亡”的。当然啦，真正最终确认还需要更多的佐证，比如，从胡鑫宇穿的衣服上提取“土壤样本”，与尸体发现地的土壤样本进行对比，就能知道，胡鑫宇的尸体是不是被移动过。,警方通告胡鑫宇为自杀,AGAINST,NEITHER
91,感觉不是事实,警方通告胡鑫宇为自杀,AGAINST,NEITHER
92,这简直就是放q屁了，要求录音内容公开。,警方通告胡鑫宇为自杀,AGAINST,NEITHER
93,胡同学是一个处于花季的孩子，我看他，正如普天下之父母视其娇儿娇女。没看全，但感觉，似乎仅凭他说过一些话、或者这样想过，并不能得出“胡同学是自杀”这样的结论。相比之下，还原整个事件的详细过程，显得更有说服力。不管怎样，愿这个可怜的孩子一路走好~,警方通告胡鑫宇为自杀,AGAINST,POSITIVE
94,我很认同这种观点，胡鑫宇失踪后，舆论都偏向于阴谋论，确实忽略了很多有价值的信息点。既然当初到达了粮仓，为啥不进去寻找？有时候，生死只在某些人的一念之间。围观者预设立场，把目标定性为他杀，人为地失去了寻找胡鑫宇的最佳机会，是多么的可惜！现在要证明胡鑫宇自杀，除了录音笔外，还有一个佐证的思路：查清胡鑫宇的吃住地，如果他不是离校后第一时间自杀，那么，他很可能吃住在粮仓内，也可能在粮仓内或者附近留下自行吃住的痕迹，包括残留食物、大小便痕迹等。,警方通告胡鑫宇为自杀,NEITHER,POSITIVE
95,怎么说都可以！,警方通告胡鑫宇为自杀,NEITHER,AGAINST
96,胡鑫宇同学的尸体被找到，这就是一个极其重大突破。有些案件，尸体、现场是会说话的，现在“缢吊”在那里的已经不仅仅是胡鑫宇同学的尸体，而是中国法律！是中国良心！我们相信警方一定能够公正处理胡案。希望真相早日大白于天下，以准确详情化解公共疑云。 ,警方通告胡鑫宇为自杀,NEITHER,POSITIVE
97,无论网友信不信，有多少人信，都只有一个结果，法医判 什么大v、小道消息说的都没有用，只有尸体不会说谎，法医的结果就是最后的结果,警方通告胡鑫宇为自杀,NEITHER,POSITIVE
98,事件开始家属就说了胡有跟他们说不开心之类。但是那时候大家都把这个点作为在学校受胁迫的依据，而不是往他厌学方面想。,警方通告胡鑫宇为自杀,NEITHER,AGAINST
99,央煤说他是自杀，就算他是他杀能被说成自杀。中国司法是指鹿为马的地方，参考江歌生命权案就知道了。法院的判决是由央煤下的。,警方通告胡鑫宇为自杀,NEITHER,POSITIVE
100,想到白夜追凶里，死者被凶手挂在树上伪造自杀，主角发现自杀会有挣扎，所以树上会有与绳子摩擦的不规则痕迹，以此来确定死者是死后被挂在上面的。,警方通告胡鑫宇为自杀,NEITHER,AGAINST
101,1、 尸体会告诉我们的、 脚尖的方向、 舌头、 脖子、 等、 目前只是身体有腐化、 是不是最近才发生的、 挂100多天 应该骨头都散落一地了吧、2、 绳子与树是否有摩擦痕迹、3、 脚下是否有垫东西、4、 现场是否有脚印 、5、 为什么他什么都不带就带了录音笔？ 是受到要挟了 害怕了 所以要记录什么了、,警方通告胡鑫宇为自杀,NEITHER,AGAINST
102,快起诉啊！！！起诉啊！！这波挺mjh，！查！快查！查票房看看我们到底是不是造假！！查！快查！一定要让别人知道我们mjh一定没有造假这委屈怎么受得了快起诉,满江红起诉大V,POSITIVE,AGAINST
103,还告吗 搞快点 先告大眼,满江红起诉大V,POSITIVE,AGAINST
104,快打官司啊求求了,满江红起诉大V,POSITIVE,NEITHER
105,浅谈满江红成本 个人觉得成本高低不能决定影片内涵与质量，满江红成本我一个外行人看都知道是低的，但这片子是精彩的，性价比高的。收益高不仅是因为成本低，更与好的剧本、好的演员、好的音效有关。所以成本低不能是满江红被矛头所指的原因，相反我们应该宣扬此类“高性价比”电影，激励该行业的编导们动脑子拍出有文化以及人文价值的东西。有人会觉得那会不会所有人都去拍低成本片了？不会的。术业有专攻，人各有志。有人有兴趣就会去拍高成本高制作片，比如春节同期的流浪地球和深海。作为观众我们需要对中国编导制作人有信心，并给予鼓励和支持。以上是肯定的。接下来说下拍片的问题，我的结论是：不应该垄断。好的电影宁愿延长放映期，而不是抢占排片。让所有的影片公平竞争，根据受欢迎程度适量更改，而不是垄断。希望中国电影百花齐放，薪火相传。,满江红起诉大V,POSITIVE,NEITHER
106,可别让我们失望呀！不立案没办法，千万别撤诉呀！估计大V不会接受调解！ 1.28 1.29 1.30,满江红起诉大V,POSITIVE,AGAINST
107,造谣终将付出代价,满江红起诉大V,POSITIVE,AGAINST
108, 片方啊，老祖宗说过身正不怕影子歪，你倒是起诉呀，正大光明的对簿公堂，把账本摊出来给支持你们票房的广大群众看看呀,满江红起诉大V,POSITIVE,AGAINST
109,你怎么怂了啊？快去告啊。你是清白的啊,满江红起诉大V,POSITIVE,AGAINST
110, 五月份了，这法院传票传得有点久啊,满江红起诉大V,AGAINST,NEITHER
111,他们是忘记了之前满江红是什么情形吗？还有这个剧还不配和满江红比，你觉得沈逸和那些时政大V会去看这部剧吗？     ,满江红起诉大V,AGAINST,NEITHER
112, 咋样了啊 电影满江红,满江红起诉大V,AGAINST,NEITHER
113, 今天一问结果如何！过年的热搜家里断网！今天通网随便一问,满江红起诉大V,AGAINST,NEITHER
114,啧啧真会玩啊,满江红起诉大V,AGAINST,NEITHER
115, 怎么满江红官方的起诉这么久都没动静？到底啥时候和四位大V法庭见啊？我等着看法庭大判决呢,满江红起诉大V,AGAINST,NEITHER
116,官司打不打了，还想看直播呢 微博全是满江红的热搜，怎么起诉的事情一点波澜都没了？,满江红起诉大V,AGAINST,NEITHER
117,雷声大雨点小哟,满江红起诉大V,AGAINST,NEITHER
118,满江红片方起诉造谣者 满江红片方称不再起诉其他造谣者 满江红否认接受采访 这是干嘛，搞精神分裂？,满江红起诉大V,AGAINST,NEITHER
119,大晚上的，被这个热搜给逗笑了！估计是国内这些娱乐资本们平时捏素人小透明们捏惯了，以为甩出一张律师函之类也能让大V们噤若寒蝉，结果一上手才发现没有意料中的软趴趴手感，原来这是4个冻的梆梆硬的冻柿子啊……,满江红起诉大V,AGAINST,NEITHER
120, 粉丝今天去哪装路人？,满江红起诉大V,AGAINST,NEITHER
121," 一场大戏就这么结束了？这也太搞笑了，而且这个回应啊，属实是有点……就不说什么“造谣者”完全是偏方的主观臆测了，就说底下这段话，简直就是糟糕公关的典型代表！

首先“希望理性观影，不要再掐了”，可是官博当初发的可是“跟我斗，你们还差的远呢……“，这不就是赤果果的挑衅嘛？合着你们可以挑衅别人，别人不能掐你们？

第二，“大V有一定话语权……不当言论会影响片方利益”。可是什么是不当言论呢？是不符合你利益的言论就是不当言论么？谁来界定这个言论当与不当？而且，大V的不当言论可以显示出来，那普通网友的所谓“不当言论”是不是就被某些不可名状的力量弄没了？还有，春节期间，无数大V扯脖子喊，利用个人影响力把网友忽悠进电影院，然后好多人都觉得那些大V吹的有点过，这算不算是“不当言论”呢？

第三，也是最搞笑的一句话：“我们和其他部门和大V沟通过，少部分坚持观点，我们没办法”。这就是赤果果的告诉别人，我们找大V 了，一些我们给钱了，或者“以德服人”了，于是就被“公关”了，另一些大V，给钱人家不要，讲理也讲不过，没招了。

合着你们的电影，说不定，不允许有背面声音，如果有所谓的不符合你们利益的“不当言论”，就想各种办法去解决说话的人呗？这让我想起一句话，解决不了电影问题，就解决提出问题的人。

当然还有好多槽点，就不一一吐槽了。

要我说啊，满江红的片方，赶紧换一批宣发吧，是在不行就换一批真读过书的做题家，亡羊补牢嘛，要不官博发一篇满江红整出10个错别字，所谓的回应也全是漏洞和破绽，要不就真的花大价钱，把你们口中那几个所谓的“造谣”大V雇过来，人家微博帖子那个撰文水平，逻辑的严谨程度，可是完全吊打你们的这些宣发了呢。

",满江红起诉大V,AGAINST,NEITHER
122, 提交几个起诉微博ID的立案材料就给上热搜别人定性啦？ 所以片方到底是在急什么啊？,满江红起诉大V,AGAINST,NEITHER
123,"事情发展到现在，《满江红》影片运营方应该要承认，他们有4个地方是做得不太好：1、拿秦桧诬陷岳飞的“莫须有”自证清白；2、官博不知道“靖康”是一个年号；3、岳飞忌日不纪念，连发数条微博，尽和网友扯口舌…4、起诉大V。大v文章我看了，有的是善意劝告，他却把别人告了。有点敌友不分。

前期放一些幕后花絮、记者采访都挺好。像我这种观众，就很喜欢去了解拍摄中的趣事，去发现电影里的细节。

可后面，运营方把自己放在网友的对立面，一本正经地叫冤、指责，还起诉……

就让人感觉玩不起了。毕竟你赚了那么多钱，有人指指点点也正常。

根据我这两年当博主的经验，在微博上，一定要“姿态软”，然后，只关注自己该关注的。

为什么要姿态软？因为互联网是草根文化。你越强硬、越一本正经，越引人反感。姿态软，才容易被人接纳。咱不是经常说“通情达理”吗？情绪到了，理才能达到。

只关注自己该关注的，这点很好理解。因为互联网上声音太多太杂，你都注意，顾不过来。

比如，《满江红》运营方应该关注的是：电影大卖。所以，卖得好，感谢下大家支持。

另外，你是内容创作者，应该多多分析作品，这是你的强项。和和气气，带大家多理解构思，惊叹导演73高龄做到这样的突破，而不是盯着黑粉。

说真的，当你关注黑粉时，你的眼里就只有黑粉，太拉低作品的艺术成就了，也埋没了几千艺术工作者的努力。

韩红的片尾曲多好听，一如既往的温暖大气。片中那些锣鼓一样的音乐，据说都有隐喻。告诉我们吧？

还有，我觉得，黑粉开始并没有那么多。还有很多关注作品本身的观众，要不不会初三开始靠口碑逆袭。

后来黑粉多，一部分是看不惯运营方的“一本正经”。太容易让人联系到古板、生硬、道貌岸然的领导了。

好好解释，疏忽/写错了的地方改正下，把关注点拉回作品本身。

柔软点。和气生财、闷声发大财。

电影本身还是好电影。

别搅和进口水战，吵不赢的。

#满江红官博 靖康耻#",满江红起诉大V,AGAINST,NEITHER
124, 为了恐吓大众，掩饰真相，安抚粉丝，平息舆论风波，故意玩这一出的吧！ 看来大众指控的幽灵场，排片猫腻，偷票房等等见不得光的行为都是真的喽！,满江红起诉大V,AGAINST,NEITHER
125, 热闹大了，谁怂谁是孙子。,满江红起诉大V,AGAINST,NEITHER
126, 等着吃瓜呢别缩啊啊啊啊,满江红起诉大V,AGAINST,NEITHER
127, 这是吃岳飞的人血馒头？还是另有什么图谋？,满江红起诉大V,NEITHER,AGAINST
128,1.28 1.29 1.30 太好了！之前还可惜看不了戏了打起来打起来，谁怂谁当秦桧去,满江红起诉大V,NEITHER,AGAINST
129,我记得不是有被起诉成功的吗？而且基本上明星告的也都是网名，输入“网络造谣”就看见了下面的词条,满江红起诉大V,NEITHER,AGAINST
130, 求求了，不要撤诉啊，我瓜还没吃过瘾呢,满江红起诉大V,NEITHER,AGAINST
131,告名誉权就没意思了。假设你嫖娼被抓，邻居跟别人说你嫖娼被抓了，那么你告邻居侵犯你的名誉权是告得成功的，因为你名誉确实受损失了，但告诽谤的话是失败的，因为邻居说的是事实。,满江红起诉大V,NEITHER,AGAINST
132,又当又立的，把自己尾巴藏好,满江红起诉大V,NEITHER,AGAINST
133,用着审核还没通过的图就直接发博了，现在又说不起诉其他造谣者，怎么怂了？快告快告，一个都别放过,满江红起诉大V,NEITHER,AGAINST
134, 玩儿呢？ 你品！你细品！ 你糊弄我，我哄弄你！ 你知道我知道，我知道你知道我知道……,满江红起诉大V,NEITHER,AGAINST
135, 沈逸老师回复我了,满江红起诉大V,NEITHER,AGAINST
136, 主持这个话题的，是在造谣吧？法院没判，怎么认定的造谣者？,满江红起诉大V,NEITHER,AGAINST
137,哎呀我去，今天才看到…emmm，曾经长期接触过法务工作和财务工作的宝子的我表示：祝片方安好咱不说法律层面怎么样，就财务税务层面，就算再怎么优秀的人员都不能保证自己入账计税报税是完全正确、没有漏洞的。何况…文娱层面合规问题特别多，没有一家公司敢说自己财务税务法务没有问题…这不是搞自己么,满江红起诉大V,NEITHER,AGAINST
138,不清楚双方谁对谁错，也或许根本不是为了对错。只是看到有人说 本来就是研究这些的，无可厚非。个人认为，要你研究网络安全和舆论，可不是让你成为被研究的对象，都成为网络口水战的一方了还有什么资格成为中立的研究者呢？如果研究犯罪现象者都要先以身试法，那不要你这研究也罢。明明是有辱斯文的行为就不必狡辩，拿教授、研究者身份推搪等于是拉所有人下水，教授一词不能再被抹黑了。,满江红起诉大V,NEITHER,AGAINST
139,诉是一种达到某种目的的手段，从来不是一种目的！诉是一回事，能不能获得支持又是一回事！不知道这个子弹能飞多久！俗话说，有种红叫“黑红”，不管是红还是黑，反正作为吃瓜群众，姐妹儿准备晚上去看电影了！不知道这算不算一种“目的”！ ,满江红起诉大V,NEITHER,POSITIVE
140, 不懂就问，片方是没钱请法务了吗？,满江红起诉大V,NEITHER,AGAINST
141,这个小小的事件居然这次被炒的热度这么高得好在当事人已经原谅他们,泼水节女生选择原谅对方,POSITIVE,NEITHER
142,本来就不是啥大事情，还准备立案?撕扯个雨衣不就为了曾加下气氛，还要上纲上线到什么地步?这女的本来也是准备去玩的啊，觉得不开心下次不去了呗，各路媒体有什么好炒作的！还逼得人家各部门都要介入，烦不烦！一个泼水节本来泼水就是送祝福，传统，现在好了，好好一个节日给你上纲上线，揪住个别情况不放，搞成这样，开心了吧?,泼水节女生选择原谅对方,POSITIVE,NEITHER
143,泼水节狂欢，别让祝福变了味。近日，云南傣历1385泼水节的视频引发了公众对其是否流氓化的质疑。在有些视频中，有人趁乱扯拽女子衣服，有人涉嫌侵犯他人隐私，引起了人们对泼水节的关注和讨论。对于这样一个富有几千年历史的传统节日，该如何平衡其现代化需求和文化传承呢？泼水节是少数民族的民俗节日，这种打破边界感的狂欢节并不多见。对于当地民众以及参与者来说，对这样一个传统节日是有预期的，也包括心理层面的准备。然而，如何保障人们的安全和活动的和谐性是一个难题。在以往泼水节多用的是盆，但现在多用水枪等攻击性更强的工具。因此，我们必须解决在满足人们现代需求的同时，保持文化传承和庆祝方式的问题。针对泼水节面临的问题，有人说应该合理发展民俗文化，对具有狂欢性质的泼水节，不必上纲上线地大加挞伐，甚至污名化。即不让泼水节祝福变了味，也不要过度规范失去鲜明特色。在未来的泼水节中，有人说可以加强管理，提高文明意识。其实傣族泼水节对国外朋友是很有吸引力的，可以借鉴其他国家的庆典活动，在其基础上，逐步推进泼水节的现代化进程。只有这样，泼水节才能真正成为一个独特的文化品牌，吸引更多民族文化爱好者参与其中。,泼水节女生选择原谅对方,POSITIVE,NEITHER
144,掑撕雨衣这事可大可小，要是没发到网络，或者关注的热度小一点，其实就是一小事，只不过现在热度起来了，那就是一件大事了，甚至连当地官方都不得不出来调查。其实从撕衣男子动作初衷就可以看出，他的本意是想撕掉对方的雨衣，而不是撕对方的衣服，网上很多人把这两个概念混淆，认为撕雨衣就等同于是撕衣服，这是不对的。撕雨衣只是在当时的特定环境及氛围下，做出的一个不理智的行为，如果换个场合，他肯定干不出这事来。而撕衣服则是耍流氓，是违法行为，放在哪都是不被允许的。泼水节本质是一个少数民族的节日，之所以吸引这么多人去当地体验，就是被他们的节日氛围所感染，在这种氛围下很容易让人模糊边界感，见人就泼水，管你认不认得，先泼了再说。此时每个人都释放了天性，行为动作变得格外大胆，在一些事情的尺度上没有把握好，好心办了坏事。就像婚闹一样，即要保证婚礼热闹，让大家感受到结婚的喜庆，又不能闹的太过，让新郎新娘下不来台，所以此时就该多包容，对一些不太出格的行为多多理解，而不是苛刻的指责。,泼水节女生选择原谅对方,POSITIVE,NEITHER
145,其实心里不知道有多高兴呢微博上的女泉气的到处跳脚，结果人家当事人一点也不在乎小仙女笑话永不过时,泼水节女生选择原谅对方,POSITIVE,NEITHER
146,她男的虽然不对，脑子不太好，但本质不一定坏的，泼水节，他只是想女的多遭遇水攻击，记得，他没撕女子衣服，而是雨衣。个人支持她选择不立案，这不是她懦弱，而是她相对通情达理。,泼水节女生选择原谅对方,POSITIVE,AGAINST
147,反正本来也不认识也不想以后再有交集，这辈子再也不想听到这件事相关，于是选择不立案让这个事赶紧结束，从女生角度出发这样想不也很正常。舆论中心的当事人又不是上帝视角，上帝视角的网友又不能把人家替出来。大家包括我也希望扯衣服的被追责留案底，但是因为不立案就指责当事人是否过分魔怔了,泼水节女生选择原谅对方,POSITIVE,AGAINST
148,这都有人骂，某些流氓不要太离谱，给脸不要脸,泼水节女生选择原谅对方,POSITIVE,NEITHER
149,这个案件很简单嘛 就是和婚闹一样说着热闹之事行猥亵之实 还用辩论嘛  女生选择不报案，是出于自身保护的想法 还是出于包容的想法，都不重要 作为猥亵行为 被害人的意愿只是被害人的意愿 作为涉嫌刑法行为造成如此大的社会影响 国家机关采取公诉，采取判罚 也没啥不妥 当然，我也建议如果要处罚，请妇联等机构保护好这个女生的安全 我觉得这个事情挺简单的道理 热闹≠为所欲为，猥亵行为也≠普通玩闹 人性的善恶遵循自然之道 心里想的是什么 行为就看的出来 所以即使说的天花乱坠 违法犯罪也变不成普通玩闹 另外，撕雨衣行为本身是坏，不用论了 但是如果再在这为坏的行为洗地 去为了这个坏行为打扰那个女生 就是真正的恶了 劝各位向善，别堕入恶道,泼水节女生选择原谅对方,POSITIVE,NEITHER
150,人家立不立案跟你有什么关系 不按你想的就说纵容 反过来讲这女生 一天天怎么这么闲,泼水节女生选择原谅对方,POSITIVE,NEITHER
151,相信你的选择是经过认真考虑,泼水节女生选择原谅对方,POSITIVE,AGAINST
152,有些事情可以原谅，有些事情不可以纵容。,泼水节女生选择原谅对方,AGAINST,POSITIVE
153,到现在还有在抖音上说因为穿了雨衣所以活该所以就要被扯衣服。善良对这些猥琐贱人没有任何用,泼水节女生选择原谅对方,AGAINST,NEITHER
154,理智上可以理解女生为什么不立案。可是我觉得这就是社会对女性的压迫之一，女生如果选择立案，那些别人对他的指指点点、无端指责、受害者有罪论，都会影响他的生活。可是这个女生选择原谅了，其他女孩子怎么办。有了这么一个先例，下次其他猥琐男就会把这件事当成功案例【都上微博热搜那男的都能被原谅，我可以用一样的非凡猥亵美女】。而下一个受害女孩，会不会被这个先例压迫着，【你看之前那个美女都原谅，就你高贵玩不起】，下一个受害者，会不会被迫【原谅】？而且，这不仅是女性的事，被人撕雨衣本身就是错的。换成一个男孩子，被大妈撕开衣服往重要部分喷水，男孩一样会不舒服。更甚受害男孩会因为有【女孩原谅先例】，被压迫着不能追究这件事，否则必定有键盘侠说【男的怎么也计较，人家女孩都没他事多】。,泼水节女生选择原谅对方,AGAINST,POSITIVE
155,撕雨衣这是人干的事? 这不是性骚扰难道是少数民族的特有祝福? 而且，别以为我们汉族不知道，泼水节指的是拿水盆，从肩膀处浇下去，代表着祝福。 拿水枪呲女性敏感部位，叫尼玛祝福? 你们的妈妈当年也是被一圈男人拿水呲着长大的呗？,泼水节女生选择原谅对方,AGAINST,NEITHER
156,"你去海边游泳，去泡个温泉，有人披着浴巾，会给扯下来么。专泼好看会透的，为的是什么。更有甚者，拿个泼水枪，专门滋重点部位，这是在祝福，还是耍流氓。这是另一种，得不到的就诋毁。

又想玩水，又不想透，完全可以兼得。却被说成，你为何要来，玩不起就走，别小心眼。但重点是，撕雨衣的行为，根本就是在骚扰。

趁着节日，出门占便宜，趁着人多，趁机摸一把。就是这种害群之马，让人望而却步，不敢尽情享受，只能避而远之，让传统文化蒙羞。

原谅是原谅，犯错是犯错，该警告就要警告。更要加强监管，别让小人有机可乘，这种人多的活动，往往是猥亵重灾区，很多女性都被伤害过。

比起好看的女生，加班应酬，劳无所得，降薪裁员的打工人，更需要被祝福。 ",泼水节女生选择原谅对方,AGAINST,NEITHER
157,脏媒恶记为什么不去找撕雨衣的人，怕被打吗？,泼水节女生选择原谅对方,AGAINST,NEITHER
158,希望当事人的宽容 不是对涉事人的纵容 公共场合，相互尊重 这是成年人必须做到的事,泼水节女生选择原谅对方,AGAINST,POSITIVE
159,我们不应该把“泼水节”当作对别人进行无理骚扰和欺凌的借口，而应该尊重他人的隐私和人格，坚持边界意识，保护每个人的尊严和安全。当然，这并不代表我们应该全盘否定“泼水节”，而是应该明确，人们反对的是那些借着“泼水节”名头进行超越边界的恶劣行径，凡事总有个度。在传统的“泼水节”中，人们以泼水祈求吉祥、幸福、洗净污秽，互相泼水表达彼此关爱和祝福。然而，在那些流传出来的视频中，被泼水、被水枪攻击的人都非常明显地表现出了尴尬、抗拒和痛苦，而那些泼水者却依然不依不饶，甚至起哄嘲笑，这完全背离了传统节日的初衷，充满了恶意和不良行为。,泼水节女生选择原谅对方,AGAINST,NEITHER
160,xxn真的是敏感且自卑 估计被衣服碰都能觉得羞耻 自己找个地方玩吧 别穿雨衣出来霍霍人,泼水节女生选择原谅对方,AGAINST,NEITHER
161,但警察必须要立案，严惩犯罪。。 撕衣服、撕雨衣就是在犯罪。。,泼水节女生选择原谅对方,AGAINST,NEITHER
162,不是啊，这种行为选择不立案就是纵容！女生的衣服可以随意扯吗？他想做什么他自己心里比谁都清楚。泼水节就好好泼水，别搞那些有的没的。你见过泼水的人上手？为啥这男的只扯女生雨衣，不去扯大汉的衣服？还不是知道自己惹不起。我强烈建议女生立案，这种事情不能纵容，必须严惩！女生们面对这种事都要敢于发声，姐妹们更应该支持她，站出来去职责这部分恶心的男性。,泼水节女生选择原谅对方,AGAINST,POSITIVE
163,参照阿富汗，什么问题都没了。,泼水节女生选择原谅对方,AGAINST,NEITHER
164,撕衣服这种垃圾是心理有问题，有毛病得治，不然如果女生选择立案，这孙子起码侮辱妇女罪跑不了。,泼水节女生选择原谅对方,AGAINST,POSITIVE
165,大事化小？这不是鼓励更多的猥琐男去泼水节耍流氓吗？,泼水节女生选择原谅对方,AGAINST,NEITHER
166,为啥一堆人围着她一个人喷?泼水节不应该是大家互相泼吗?怎么就她一个女生在那挨喷，别的人呢?公开场合骚扰就该立案，克制什么，必须保护女同胞权益,泼水节女生选择原谅对方,AGAINST,NEITHER
167,不能公诉吗，这个影响挺恶劣啊,泼水节女生选择原谅对方,AGAINST,NEITHER
168,择日举行女性泼水节 我没开玩笑,泼水节女生选择原谅对方,AGAINST,NEITHER
169,这事本身当地警方处理就有点怪，这种事情，又不是刑事自诉案件，还需要推给女生来决定。本身属于治安管理的范畴，警察自己就能做主的，行拘还是罚款，根本不需要女生参与进来，避重就轻干嘛？说到底就是不想处理罢了。,泼水节女生选择原谅对方,AGAINST,POSITIVE
170,太生气了，一定要把那个男的知道女性是需要尊重的，就像我老板让我今天穿裙子上班，我偏不穿。美女辣舞,泼水节女生选择原谅对方,AGAINST,NEITHER
171,为什么啊,泼水节女生选择原谅对方,AGAINST,NEITHER
172,希望这样的事情再少一些,泼水节女生选择原谅对方,NEITHER,POSITIVE
173,有个现象还蛮奇怪的 在国内女生如果穿着性感凉快一点 在路上仿佛会受到更多的眼光 可是国外一些地方却相反 觉得这是一个很正常的事情 确实 提倡自由平等的同时不能刁难女性的穿衣打扮 而应选择尊重 即便这个女生穿着比较露骨被围攻泼冷水 也不应该由某些不自觉得男性上前撕雨衣 因为别人披在身上的雨衣有其自由 不需要你的“咸猪手”。,泼水节女生选择原谅对方,NEITHER,POSITIVE
174,手中的是水枪，而不该是鸡 巴的延长线。 但给人的感觉像是色狼的狂欢。,泼水节女生选择原谅对方,NEITHER,POSITIVE
175,啊啊啊啊啊救命啊没正常人了吗？,泼水节女生选择原谅对方,NEITHER,AGAINST
176,立案：上纲上线 价格没谈拢 想出名 不立案：私下有交易 默许甚至鼓励行为,泼水节女生选择原谅对方,NEITHER,AGAINST
177,呀,泼水节女生选择原谅对方,NEITHER,AGAINST
178,估计是彼此认识 然后本来想接机炒作一番 立案调查的话就翻车了？,泼水节女生选择原谅对方,NEITHER,AGAINST
179,特么的，立案说小题大作，不立案说私下交易、说女生软弱、说自导自演。还说什么话都让这女生说了。我去你made，我看是什么话都让你们这些黄泉路人说了吧,泼水节女生选择原谅对方,NEITHER,POSITIVE
180,不应该叫报案？,泼水节女生选择原谅对方,NEITHER,AGAINST
181,我们是少数时，测试我们的勇气；我们是多数时，测试我们的宽容。,泼水节女生选择原谅对方,NEITHER,POSITIVE
