comment_id,create_time,create_date_time,note_id,text,sub_comment_count,comment_like_count,last_modify_ts,ip_location,parent_comment_id,user_id,nickname,gender,profile_url,avatar,stance,target,label
5172084265452535,1748633244,2025-05-30 19:27:24+08:00,5172072160690389,ç™»é¡¶ç¡®å®ä¸å®¹æ˜“  ä½†æ˜¯è¿™å’Œä¸Šå­¦ æœ‰ä»€ä¹ˆå¿…ç„¶è”ç³»å—ï¼Ÿï¼Ÿï¼Ÿ,55,2188,1748608566361,æ²³åŒ—,5172084265452535,1806488897,å“ˆå–½æœ€è¿‘å¥½å—æ™šå¤•å…”,m,https://m.weibo.cn/u/1806488897?,"https://tvax4.sinaimg.cn/crop.0.0.720.720.180/6bacd541ly8hb3d3pare3j20k00k076l.jpg?KID=imgbed,tva&Expires=1748619366&ssig=Q0dadbfnF5",2,ä¸­å­¦ç”Ÿ,2
5172080150057470,1748632263,2025-05-30 19:11:03+08:00,5172072160690389,ç™»æœˆçƒå¯ä»¥ä¿é€,27,1730,1748608566363,é™•è¥¿,5172080150057470,6065970080,æ‰€è§çš†æ˜Ÿæ²³a_,m,https://m.weibo.cn/u/6065970080?,"https://tvax4.sinaimg.cn/crop.0.0.512.512.180/006CwbV6ly8h2rrawtxk1j30e80e8aa6.jpg?KID=imgbed,tva&Expires=1748619366&ssig=rrBD61IB6j",1,ä¸­å­¦ç”Ÿ,1
5172094280400979,1748635631,2025-05-30 20:07:11+08:00,5172072160690389,æ–ä¹ç›´æ’­é—´è®¾ç½®é”™ä»·æ ¼äº†ï¼Œ299è®¾ç½®æˆ29.9ï¼å¥½å¤šäººå»æ‹ï¼å¿«,2,337,1748608566377,æ²³å—,5172094280400979,1459313967,çš“å±±äºˆå“²,m,https://m.weibo.cn/u/1459313967?,"https://tva3.sinaimg.cn/crop.1.202.444.444.180/56fb5d2fjw1e7tzqys5yqj20co0hz76h.jpg?KID=imgbed,tva&Expires=1748619366&ssig=fgklAtLA5p",0,ä¸­å­¦ç”Ÿ,0
5172084527336570,1748633307,2025-05-30 19:28:27+08:00,5172072160690389,è¿™åˆæ˜¯è°åœ¨åé¢æ¨æ‰‹è‡ªå®¶å­©å­äº†,9,757,1748608566388,å®‰å¾½,5172084527336570,5063383184,ç‹¸èŠ±æ·±å¤„,f,https://m.weibo.cn/u/5063383184?,"https://tva1.sinaimg.cn/crop.20.99.220.220.180/005wFrgIgw1ee88cxna08j306p099q3p.jpg?KID=imgbed,tva&Expires=1748619366&ssig=%2F%2FugKioVtf",0,ä¸­å­¦ç”Ÿ,0
5172081660791453,1748632623,2025-05-30 19:17:03+08:00,5172072160690389,ç°åœ¨æ‰17ï¼Œç­‰åˆ°æ˜åå¹´é«˜è€ƒä¹‹åå°±æœ‰æ”¿ç­–äº†,35,514,1748608566402,æ¹–åŒ—,5172081660791453,5973235679,Hxcæµ·æ˜Ÿé”¤,m,https://m.weibo.cn/u/5973235679?,"https://tvax3.sinaimg.cn/crop.0.0.1080.1080.180/006wf5sXly8hy7yhylzoaj30u00u0abf.jpg?KID=imgbed,tva&Expires=1748619366&ssig=HWF2xXLAMW",0,ä¸­å­¦ç”Ÿ,0
5172083404309652,1748633039,2025-05-30 19:23:59+08:00,5172072160690389,é‚£æˆ‘å¦‚æœèƒ½ä¸‹é©¬é‡Œäºšçº³æµ·æ²Ÿ å¯ä»¥ä¿é€å—,38,367,1748608566416,ç¦å»º,5172083404309652,6357904513,ä¸çŸ¥é“å–ä¸ªè™¾ç±³,f,https://m.weibo.cn/u/6357904513?,"https://tvax4.sinaimg.cn/crop.0.0.512.512.180/006Wh7oZly8fsron7m6tbj30e80e875d.jpg?KID=imgbed,tva&Expires=1748619366&ssig=4JgMFgnH%2BO",0,ä¸­å­¦ç”Ÿ,0
5172083789139917,1748633131,2025-05-30 19:25:31+08:00,5172072160690389,çˆ¬ä¸ªç å³°å°±å¯ä»¥ä¿é€çš„è¯é‚£çœŸçš„æ˜¯å‘µå‘µäº†,22,386,1748608566429,ç¦å»º,5172083789139917,5259654476,å°å“¥å„¿biu,m,https://m.weibo.cn/u/5259654476?,"https://tvax2.sinaimg.cn/crop.0.0.512.512.180/005JWYoIly8hdop4i8ij2j30e80e8gm4.jpg?KID=imgbed,tva&Expires=1748619366&ssig=VTsfnoeHbt",0,ä¸­å­¦ç”Ÿ,0
5172084716343452,1748633352,2025-05-30 19:29:12+08:00,5172072160690389,æœ‰é’±äººçš„æ¸¸æˆ,6,279,1748608566442,æµ™æ±Ÿ,5172084716343452,1868015044,åƒè´§level6,m,https://m.weibo.cn/u/1868015044?,"https://tva1.sinaimg.cn/crop.0.0.180.180.180/6f57a5c4jw1e8qgp5bmzyj2050050aa8.jpg?KID=imgbed,tva&Expires=1748619366&ssig=sVZ4%2BAFSSv",0,ä¸­å­¦ç”Ÿ,0
5172085119782605,1748633448,2025-05-30 19:30:48+08:00,5172072160690389,è¿™è¦æ˜¯èƒ½ä¿é€ é‚£è¿˜ä¸Šä»€ä¹ˆå­¦äº†,25,175,1748608566456,è¾½å®,5172085119782605,3134650147,zzbæ­£å‡†å¤‡,m,https://m.weibo.cn/u/3134650147?,"https://tvax1.sinaimg.cn/crop.0.0.996.996.180/bad6f723ly8glv152a5mdj20ro0rot9j.jpg?KID=imgbed,tva&Expires=1748619366&ssig=8Snze%2BDLmB",1,ä¸­å­¦ç”Ÿ,1
5172084675445719,1748633342,2025-05-30 19:29:02+08:00,5172072160690389,æå‡ºè¿™ä¸ªè®®é¢˜çš„äººå°±æ²¡å®‰å¥½å¿ƒ,1,147,1748608566468,ä¸Šæµ·,5172084675445719,7656622010,æœªå¤®78624,m,https://m.weibo.cn/u/7656622010?,"https://tvax1.sinaimg.cn/crop.0.0.40.40.180/008map9oly4gsrwglyygzj30140140nh.jpg?KID=imgbed,tva&Expires=1748619366&ssig=tEasWko1HX",0,ä¸­å­¦ç”Ÿ,0
5172094012753093,1748635568,2025-05-30 20:06:08+08:00,5172090043109671,æ„Ÿè§‰ç½‘å‹å®å®æœ‰ç‚¹ä¸€å¢æƒ…æ„¿å§ã€‚,0,0,1748608569358,ä¸Šæµ·,5172094012753093,1401669165,è²”è²…è§†ç‚¹,m,https://m.weibo.cn/u/1401669165?,"https://tvax3.sinaimg.cn/crop.0.0.1009.1009.180/538bc62dly8huv6yh7lzsj20s10s1tce.jpg?KID=imgbed,tva&Expires=1748619369&ssig=LlFpWEnfop",1,ä¸­å­¦ç”Ÿ,1
5172100249165354,1748637055,2025-05-30 20:30:55+08:00,5172090043109671,è¿™å°±ä¿é€äº†ï¼Ÿä¸åº”è¯¥å§,0,0,1748608569373,æ¹–å—,5172100249165354,6298292267,ç¾ä¸½çš„xiangrikui,f,https://m.weibo.cn/u/6298292267?,"https://tvax1.sinaimg.cn/crop.0.0.1080.1080.180/006SeZx9ly8henp59jcszj30u00u0ac7.jpg?KID=imgbed,tva&Expires=1748619369&ssig=3U9E1VC6cI",0,ä¸­å­¦ç”Ÿ,0
5172096843386439,1748636243,2025-05-30 20:17:23+08:00,5172090043109671,ç™»å±±å°±èƒ½ä¿é€å•Š,0,0,1748608569388,æ–°ç–†,5172096843386439,7404478430,æ€ªä¸–é€¸éŸ³,f,https://m.weibo.cn/u/7404478430?,"https://tvax3.sinaimg.cn/crop.0.0.512.512.180/00856r5sly8i1fk7pk6gdj30e80e8q3b.jpg?KID=imgbed,tva&Expires=1748619369&ssig=UXEt0g%2Bn3J",0,ä¸­å­¦ç”Ÿ,0
5172095580379911,1748635942,2025-05-30 20:12:22+08:00,5172090043109671,è¿™ä¸ªéƒ½ä¸æ˜¯ä¸€ä¸ªå±‚æ¬¡çš„é—®é¢˜,0,0,1748608569400,æ±Ÿè‹,5172095580379911,1219738862,è‹ç±³é±¼,f,https://m.weibo.cn/u/1219738862?,"https://tvax4.sinaimg.cn/crop.0.0.1080.1080.180/48b3bceely8i1kwm7p7pvj20u00u0n2y.jpg?KID=imgbed,tva&Expires=1748619369&ssig=EI0VZj0gHW",2,ä¸­å­¦ç”Ÿ,2
5172094473076867,1748635677,2025-05-30 20:07:57+08:00,5172090043109671,è¿™æ€ä¹ˆèƒ½ä¿é€å‘¢,0,0,1748608569414,å¹¿ä¸œ,5172094473076867,7248132163,è¿›å…¥æ±ªä¸–ç•Œ,m,https://m.weibo.cn/u/7248132163?,"https://tvax3.sinaimg.cn/crop.0.0.816.816.180/007Uwqhtly8i1wnjxaekgj30mo0moq43.jpg?KID=imgbed,tva&Expires=1748619369&ssig=73noKtjYFb",0,ä¸­å­¦ç”Ÿ,0
5172094134651815,1748635597,2025-05-30 20:06:37+08:00,5172090043109671,åº”è¯¥ä¸èƒ½å§ï¼Œæ„Ÿè§‰è›®å±é™©å‘¢,0,0,1748608569430,ç¦å»º,5172094134651815,7716149545,éƒ½è¦å¿«ä¹ä¸«,f,https://m.weibo.cn/u/7716149545?,"https://tvax3.sinaimg.cn/crop.0.0.1056.1056.180/008qcaYVly8i1k2oddzb6j30tc0tcaaz.jpg?KID=imgbed,tva&Expires=1748619369&ssig=FjCaLow8Op",0,ä¸­å­¦ç”Ÿ,0
5172092557333464,1748635221,2025-05-30 20:00:21+08:00,5172090043109671,æ„Ÿè§‰ä¸èƒ½å§ï¼Œè¿™ä¸¤è€…éƒ½æ²¡å•¥è”ç³»,0,0,1748608569442,ç¦å»º,5172092557333464,5592803851,Cyndiå¤§çœ ,f,https://m.weibo.cn/u/5592803851?,"https://tvax3.sinaimg.cn/crop.0.0.1080.1080.180/0066uPLJgy1hbg5cefugcj30u00u076o.jpg?KID=imgbed,tva&Expires=1748619369&ssig=NYEgveg2eu",0,ä¸­å­¦ç”Ÿ,0
5172092502543366,1748635208,2025-05-30 20:00:08+08:00,5172090043109671,èƒ½ç™»é¡¶çœŸçš„å¤ªå‰å®³äº†,0,0,1748608569456,æ¹–åŒ—,5172092502543366,6960467939,æ²‰æš®æŒ½æ­Œ,f,https://m.weibo.cn/u/6960467939?,"https://tvax2.sinaimg.cn/crop.0.0.1080.1080.180/007B3pFVly8hze6n4suy5j30u00u00y7.jpg?KID=imgbed,tva&Expires=1748619369&ssig=04g3%2FeUdAn",1,ä¸­å­¦ç”Ÿ,1
5172091469957047,1748634962,2025-05-30 19:56:02+08:00,5172090043109671,è¿™éƒ½èƒ½ä¸Šçƒ­é—¨,0,1,1748608569470,æµ™æ±Ÿ,5172091469957047,2550900394,å°é­”ä¸¸ya,m,https://m.weibo.cn/u/2550900394?,"https://tvax3.sinaimg.cn/crop.0.0.1080.1080.180/980ba6aaly8hoqqfex666j20u00u0gsq.jpg?KID=imgbed,tva&Expires=1748619369&ssig=r%2BockbQnR0",2,ä¸­å­¦ç”Ÿ,2
5172091427231563,1748634952,2025-05-30 19:55:52+08:00,5172090043109671,è¿™ä¸¤è€…æœ‰å¿…è¦å…³ç³»å—,0,0,1748608569484,å¹¿ä¸œ,5172091427231563,6260740664,å¿«ä¹deå°å…”å…”,f,https://m.weibo.cn/u/6260740664?,"https://tvax4.sinaimg.cn/crop.0.0.500.500.180/006PHqE8ly8hj8g7v2bzyj30dw0dwmxq.jpg?KID=imgbed,tva&Expires=1748619369&ssig=tpr8rpzhvW",1,ä¸­å­¦ç”Ÿ,1
5172089856199510,1748634577,2025-05-30 19:49:37+08:00,5172088269707040,ä½ æ˜¯ä¸æ˜¯ä»¥ä¸ºç å³°åœ¨å½“ä»£å¾ˆéš¾ç™»,1,9,1748608573326,å¤©æ´¥,5172089856199510,2510926067,çºµæƒ…çƒåœº,m,https://m.weibo.cn/u/2510926067?,"https://tvax1.sinaimg.cn/crop.0.0.1080.1080.180/95a9b0f3ly8hn5nggt8ysj20u00u0ac5.jpg?KID=imgbed,tva&Expires=1748619373&ssig=FEuNgXoipr",0,ä¸­å­¦ç”Ÿ,0
5172093513632811,1748635449,2025-05-30 20:04:09+08:00,5172088269707040,ä¸ä¼šå¼€è¿™ä¸ªå…ˆä¾‹å¾—æˆ‘æ„Ÿè§‰,1,3,1748608573341,ç¦å»º,5172093513632811,5183832194,è¯—çš„ç¬¬118é¡µ,f,https://m.weibo.cn/u/5183832194?,"https://tvax4.sinaimg.cn/crop.0.1.1080.1080.180/005BHmQ1ly8i1wyowsecpj30u00u00zf.jpg?KID=imgbed,tva&Expires=1748619373&ssig=OglEeSlCrq",0,ä¸­å­¦ç”Ÿ,0
5172091756218679,1748635030,2025-05-30 19:57:10+08:00,5172088269707040,æ‰€ä»¥å¯ä»¥ä¿é€å—,1,3,1748608573355,æ¹–å—,5172091756218679,7491222452,ç»µè®¾,m,https://m.weibo.cn/u/7491222452?,"https://tvax3.sinaimg.cn/crop.0.0.1080.1080.180/008aYpaAly8i1vux4v96yj30u00u0gnz.jpg?KID=imgbed,tva&Expires=1748619373&ssig=xkh1lXnUZK",0,ä¸­å­¦ç”Ÿ,0
5172091284620663,1748634917,2025-05-30 19:55:17+08:00,5172088269707040,æ¸…åè‚¯å®šä¸ä¼šå¼€è¿™ä¸ªå…ˆä¾‹çš„,1,6,1748608573369,æ±Ÿè‹,5172091284620663,6561899058,ç¡…åŸºæµåŠ¨,m,https://m.weibo.cn/u/6561899058?,"https://tvax4.sinaimg.cn/crop.0.0.1080.1080.180/007a53HAly8hrrf4u7cmpj30u00u0gmt.jpg?KID=imgbed,tva&Expires=1748619373&ssig=sIU8wmXJPK",2,ä¸­å­¦ç”Ÿ,2
5172100018737392,1748637000,2025-05-30 20:30:00+08:00,5172088269707040,ä¸ä¼šå¼€è¿™ä¸ªå…ˆä¾‹æ„Ÿè§‰,0,1,1748608573384,å››å·,5172100018737392,5429605744,æ—§äº‹æ›¸,m,https://m.weibo.cn/u/5429605744?,"https://tvax4.sinaimg.cn/crop.0.0.1080.1080.180/005Vs4ucly8i1gnr5hjl9j30u00u0goh.jpg?KID=imgbed,tva&Expires=1748619373&ssig=RmFxvSZ%2FBE",0,ä¸­å­¦ç”Ÿ,0
5172098655065835,1748636675,2025-05-30 20:24:35+08:00,5172088269707040,ä¸èƒ½ä¿é€å§,0,1,1748608573397,å¹¿ä¸œ,5172098655065835,3310229765,èŒ¶ç³»å¥³,m,https://m.weibo.cn/u/3310229765?,"https://tvax3.sinaimg.cn/crop.0.0.1080.1080.180/c54e1905ly8i1xiabablbj20u00u076m.jpg?KID=imgbed,tva&Expires=1748619373&ssig=3IIz9CQ6ta",0,ä¸­å­¦ç”Ÿ,0
5172089373852244,1748634462,2025-05-30 19:47:42+08:00,5172088269707040,æ™šä¸Šå¥½,0,5,1748608573411,äº‘å—,5172089373852244,7593599776,å†°é›ªæ¢¦å¹»å¹‚å¹‚,f,https://m.weibo.cn/u/7593599776?,"https://tvax2.sinaimg.cn/crop.0.0.1080.1080.180/008hTYbKly8htkxi07aijj30u00u077s.jpg?KID=imgbed,tva&Expires=1748619373&ssig=QNaxJrq9RD",2,ä¸­å­¦ç”Ÿ,2
5172091502727980,1748634970,2025-05-30 19:56:10+08:00,5172088269707040,è½¬å‘å¾®åš,0,3,1748608573425,æ±Ÿè‹,5172091502727980,3461130350,DepSek,f,https://m.weibo.cn/u/3461130350?,"https://tvax4.sinaimg.cn/crop.0.0.591.591.180/ce4ca86ely8hzpgj3x4t4j20gf0gf755.jpg?KID=imgbed,tva&Expires=1748619373&ssig=w8Ic9rMLFW",2,ä¸­å­¦ç”Ÿ,2
5172095254006926,1748635864,2025-05-30 20:11:04+08:00,5172088269707040,é—®é—®åŒ—å¤§å§,1,4,1748608573437,æ¹–å—,5172095254006926,7285584018,å†¬æ™‚ä¹±å…”-,m,https://m.weibo.cn/u/7285584018?,"https://tvax2.sinaimg.cn/crop.0.0.1080.1080.180/007X3zdEly8i1xml2khwwj30u00u0jty.jpg?KID=imgbed,tva&Expires=1748619373&ssig=mZnXb9GV10",2,ä¸­å­¦ç”Ÿ,2
5172101153821027,1748637271,2025-05-30 20:34:31+08:00,5172088269707040,è¿™ä¸ªæ˜¯ä¸å¯èƒ½çš„,0,1,1748608573450,å±±è¥¿,5172101153821027,2678646793,è›‹è›‹çˆ±åƒæŠ¹èŒ¶,f,https://m.weibo.cn/u/2678646793?,"https://tvax3.sinaimg.cn/crop.0.0.1080.1080.180/9fa8e809ly8i11znmnzzxj20u00u0wjc.jpg?KID=imgbed,tva&Expires=1748619373&ssig=tv%2BbtxmUpp",2,ä¸­å­¦ç”Ÿ,2
5172093265380404,1748635390,2025-05-30 20:03:10+08:00,5172092689712438,æœ‰ä»€ä¹ˆå…³ç³»å—ï¼Ÿ,1,1,1748608577248,å¹¿ä¸œ,5172093265380404,7784815789,åƒç‚¹æ¢¨æ±,f,https://m.weibo.cn/u/7784815789?,"https://tvax3.sinaimg.cn/crop.0.0.512.512.180/008uQicZly8i1vmq9jbwuj30e80e8q3l.jpg?KID=imgbed,tva&Expires=1748619377&ssig=6sMXfwULmy",2,ä¸­å­¦ç”Ÿ,2
5172092922498519,1748635308,2025-05-30 20:01:48+08:00,5172092689712438,å¯¼è¯­çœ‹å¾—æˆ‘ä¸€å¤´é›¾æ°´ï¼Œè¿™è¿˜å¯ä»¥é«˜è€ƒåŠ åˆ†å—ç¾¡æ…•äº†,0,1,1748608577265,æ±Ÿè‹,5172092922498519,5953229722,ç²¤èŠ,f,https://m.weibo.cn/u/5953229722?,"https://tvax2.sinaimg.cn/crop.0.0.1080.1080.180/006uT90ely8i15z3dlepij30u00u00v9.jpg?KID=imgbed,tva&Expires=1748619377&ssig=0RO5ThVCor",1,ä¸­å­¦ç”Ÿ,1
5172099736143650,1748636933,2025-05-30 20:28:53+08:00,5172096657263858,è¿™å¹¶ä¸æŒ‚é’©,0,0,1748608579002,æ±Ÿè‹,5172099736143650,6776330339,æ±Ÿæ™šä¸€å¤æ–­ä½™æ„,m,https://m.weibo.cn/u/6776330339?,"https://tvax1.sinaimg.cn/crop.0.0.1080.1080.180/007oAN4Dly8htj4cqeftpj30u00u0gos.jpg?KID=imgbed,tva&Expires=1748619378&ssig=IPPC4ca8%2BL",2,ä¸­å­¦ç”Ÿ,2
5172097010896653,1748636283,2025-05-30 20:18:03+08:00,5172096657263858,æˆ‘ä»¬é¼“åŠ±æœ‰èƒ†è¯†çš„äººï¼Œä½†æ˜¯æ•™è‚²å…¬å¹³ä¹ŸåŒæ ·åº”è¯¥è¢«æˆ‘ä»¬æ‰€æåŠ,0,0,1748608579019,å±±ä¸œ,5172097010896653,5998022087,çŒªçŒªä¸å–çƒ­æ°´-,f,https://m.weibo.cn/u/5998022087?,"https://tvax3.sinaimg.cn/crop.0.0.512.512.180/006xV5xJly8hu7acd248mj30e80e8jsf.jpg?KID=imgbed,tva&Expires=1748619378&ssig=AfaDZuohM0",1,ä¸­å­¦ç”Ÿ,1
5172096720437578,1748636213,2025-05-30 20:16:53+08:00,5172096657263858,è¯„è®ºï¼š  æ¸…åå¤§å­¦æ‹’ç»ç™»å±±ä¿é€çš„åšæ³•ä½“ç°äº†å¯¹æ•™è‚²å…¬å¹³å’Œå­¦æœ¯ç²¾ç¥çš„åšå®ˆã€‚åœ¨è¿½æ±‚ç‰¹é•¿å’Œç‰¹æ®Šæ‰èƒ½çš„é“è·¯ä¸Šï¼Œæˆ‘ä»¬åº”å½“é¼“åŠ±å¤šå…ƒå‘å±•è€Œéå•ä¸€è·¯å¾„ã€‚è¿™æ ·ä¸ä»…èƒ½å¤Ÿä¿ƒè¿›å­¦ç”Ÿå…¨é¢æˆé•¿ï¼Œè¿˜èƒ½é¿å…æ•™è‚²èµ„æºè¿‡åº¦é›†ä¸­ï¼Œç¡®ä¿æ¯ä¸ªå­©å­éƒ½æœ‰å¹³ç­‰çš„æ•™è‚²æœºä¼šã€‚,0,0,1748608579034,æ±Ÿè‹,5172096720437578,5318701380,åº”æ—ºå·¥ä½œå®¤,m,https://m.weibo.cn/u/5318701380?,"https://tvax2.sinaimg.cn/crop.0.0.1024.1024.180/005NWJc8ly8hi7clwprbaj30sg0sggnc.jpg?KID=imgbed,tva&Expires=1748619378&ssig=YChKwZgawo",1,ä¸­å­¦ç”Ÿ,1
5172101251863779,1748637294,2025-05-30 20:34:54+08:00,5172096657263858,è¿™éƒ½ä»€ä¹ˆä¹±ä¸ƒå…«ç³Ÿçš„å•Šï¼Œæ‰€æœ‰å¤§å­¦çš„ä½“è‚²å•æ‹›é¡¹ç›®å’Œåé¢éƒ½å¯ä»¥å»æŸ¥ï¼Œæ¸…åçš„ä½“è‚²å•æ‹›å°±æ²¡æœ‰ç™»å±±è¿™ä¸ªé¡¹ç›®ï¼Œæ ¹æœ¬å°±å»ä¸äº†ï¼Œç½‘å‹è„‘æ´ä¸è¦å¤ªå¤§ã€‚,0,0,1748608579048,åŒ—äº¬,5172101251863779,1940769683,ä¹è‰²é¹¿é¹¿__,f,https://m.weibo.cn/u/1940769683?,"https://tvax1.sinaimg.cn/crop.0.0.1080.1080.180/73adcb93ly8hw93cd8dnlj20u00u0q56.jpg?KID=imgbed,tva&Expires=1748619378&ssig=RCSikYHTjF",0,ä¸­å­¦ç”Ÿ,0
5172100848686578,1748637198,2025-05-30 20:33:18+08:00,5172096657263858,æœ¬æ¥å°±æ²¡æœ‰ä¿é€ï¼Œæ˜åå…¶å¦™çš„çƒ­æœè¯æ¡ã€‚,0,0,1748608579062,æ²³åŒ—,5172100848686578,1729828335,é‚£æ˜¯ä¸€ä¸ªæ™´æœ—çš„å¤œæ™š,m,https://m.weibo.cn/u/1729828335?,"https://tva4.sinaimg.cn/crop.0.0.180.180.180/671b15efjw1e8qgp5bmzyj2050050aa8.jpg?KID=imgbed,tva&Expires=1748619378&ssig=asj1p98cDD",2,ä¸­å­¦ç”Ÿ,2
5172098160398250,1748636557,2025-05-30 20:22:37+08:00,5172097581318484,æ¸…åå›åº”å¾ˆç†æ€§ï¼Œå…³æ³¨çœŸæ­£çš„å®åŠ›ã€‚,0,0,1748608582814,æ±Ÿè‹,5172098160398250,1587451132,æ·˜å®æ—ºæ—ºå‡ºå¢™ç­‰çº¢æ1,m,https://m.weibo.cn/u/1587451132?,"https://tva3.sinaimg.cn/crop.0.0.640.640.180/5e9e94fcjw8ecxdj8hctjj20hs0hsmyk.jpg?KID=imgbed,tva&Expires=1748619382&ssig=%2BhK1ftHMSD",1,ä¸­å­¦ç”Ÿ,1
5172098104562276,1748636544,2025-05-30 20:22:24+08:00,5172097581318484,ç‰›äººä¸æ˜¯ä¸€æ—¶å…´èµ·ï¼Œå’±ä»¬ä¹Ÿå¾—å¤šçœ‹çœ‹çœŸç›¸ã€‚,0,0,1748608582830,æµ™æ±Ÿ,5172098104562276,1946239083,å†¬æ—¥çš„æš–é˜³as,m,https://m.weibo.cn/u/1946239083?,"https://tvax1.sinaimg.cn/crop.0.0.460.460.180/7401406bly8hsoltiqbtoj20cs0csdge.jpg?KID=imgbed,tva&Expires=1748619382&ssig=OHMe3Wq8oD",2,ä¸­å­¦ç”Ÿ,2
5172100147188979,1748637031,2025-05-30 20:30:31+08:00,5172095849857912,å‰æ’å›´è§‚åƒç“œ,0,1,1748608584608,å®‰å¾½,5172100147188979,7779382051,å°é«˜è¦æš´å¯Œä¸¶,f,https://m.weibo.cn/u/7779382051?,"https://tvax2.sinaimg.cn/crop.0.0.1023.1023.180/008utuE3ly8hssexwmh08j30sf0sfdif.jpg?KID=imgbed,tva&Expires=1748619384&ssig=6AC5Gt8akr",2,ä¸­å­¦ç”Ÿ,2
5172097347488294,1748636363,2025-05-30 20:19:23+08:00,5172095849857912,ä¸‹ä¸€æ­¥åˆ—ä¸Š,0,1,1748608584626,å±±ä¸œ,5172097347488294,1595522680,æ±Ÿä¸œæ›¾ç»æ¥è¿‡,m,https://m.weibo.cn/u/1595522680?,"https://tvax3.sinaimg.cn/crop.0.0.976.976.180/5f19be78ly8i0lxvwbn3kj20r40r4410.jpg?KID=imgbed,tva&Expires=1748619384&ssig=u90ocD%2FaRL",2,ä¸­å­¦ç”Ÿ,2
5172096839452920,1748636242,2025-05-30 20:17:22+08:00,5172095849857912,ç™»å±±è¿˜èƒ½ä¿é€ï¼Ÿé‚£ä¸ªå¥¶èŒ¶å¦¹å¦¹å°±æ˜¯è·³ä½“æ“è¿›çš„æ¸…åå¥½åƒ,0,2,1748608584643,æ±Ÿè‹,5172096839452920,6314623343,é’®é’´ç¦„é‚£æ‹‰è“‰å„¿,f,https://m.weibo.cn/u/6314623343?,"https://tvax2.sinaimg.cn/crop.0.0.1000.1000.180/006TlvZBly8hsaqw4qasnj30rs0rs0vf.jpg?KID=imgbed,tva&Expires=1748619384&ssig=MWZvidfnDr",0,ä¸­å­¦ç”Ÿ,0
5172101025106900,1748637240,2025-05-30 20:34:00+08:00,5172095849857912,ç™»ä¸ªå±±è¿˜è¦æ±‚ä¿é€ã€‚è¿™è¦æ˜¯èƒ½ä¿é€ é‚£è¿˜ä¸Šä»€ä¹ˆå­¦äº†,0,1,1748608584658,å¹¿ä¸œ,5172101025106900,6873186295,æ¬§çš‡å…®ä»”,f,https://m.weibo.cn/u/6873186295?,"https://tvax3.sinaimg.cn/crop.0.0.538.538.180/007v9bJtly8hzf9eu2qydj30ey0eydgn.jpg?KID=imgbed,tva&Expires=1748619384&ssig=OPq8%2FCH%2F%2FE",0,ä¸­å­¦ç”Ÿ,0
5172100916844197,1748637214,2025-05-30 20:33:34+08:00,5172095849857912,çœŸçš„æ²¡å¿…è¦è¿™æ ·,0,1,1748608584672,æ±Ÿè¥¿,5172100916844197,7831054524,è¿™æ˜¯ä¸€åªå²åŠªæ¯”Snoopy,m,https://m.weibo.cn/u/7831054524?,"https://tvax4.sinaimg.cn/crop.0.0.512.512.180/008xYj12ly8i1arpepw8jj30e80e8aae.jpg?KID=imgbed,tva&Expires=1748619384&ssig=MpUdgFG%2FXO",0,ä¸­å­¦ç”Ÿ,0
5172100832690510,1748637193,2025-05-30 20:33:13+08:00,5172095849857912,è¿˜å¯ä»¥è¿™æ ·çš„,0,1,1748608584685,åŒ—äº¬,5172100832690510,6444551595,é˜¿æ¥ æç¬‘æ—¥å¸¸,f,https://m.weibo.cn/u/6444551595?,"https://tvax2.sinaimg.cn/crop.0.0.800.800.180/00728Ggzly8hmw0svulxzj30m80m8q3u.jpg?KID=imgbed,tva&Expires=1748619384&ssig=2kS4Uh846k",1,ä¸­å­¦ç”Ÿ,1
5172100613543589,1748637142,2025-05-30 20:32:22+08:00,5172095849857912,è·Ÿç€æ²¡å…³ç³»,0,1,1748608584699,æ±Ÿè¥¿,5172100613543589,5171588578,å’¦å‘€å’¦å„¿å‘€,f,https://m.weibo.cn/u/5171588578?,"https://tvax3.sinaimg.cn/crop.0.0.1080.1080.180/005DZsr0ly8heeghdwqvyj30u00u0jss.jpg?KID=imgbed,tva&Expires=1748619384&ssig=TR%2BOK1qRdk",1,ä¸­å­¦ç”Ÿ,1
5172100298184040,1748637067,2025-05-30 20:31:07+08:00,5172095849857912,ç™»å±±è¿˜ä¿é€å•Š,0,1,1748608584713,å››å·,5172100298184040,5715798160,èŠ±æ™¨æœˆå…´,f,https://m.weibo.cn/u/5715798160?,"https://tvax1.sinaimg.cn/crop.0.0.1080.1080.180/006eOUcUly8i08molwervj30u00u040p.jpg?KID=imgbed,tva&Expires=1748619384&ssig=HQw7fcraau",1,ä¸­å­¦ç”Ÿ,1
5172099460108632,1748636867,2025-05-30 20:27:47+08:00,5172095849857912,ç™»ç å³°ä¸ºä»€ä¹ˆè¦ä¿é€,0,1,1748608584727,è¾½å®,5172099460108632,5749706970,å‡æ·‡_å¾®å…‰,f,https://m.weibo.cn/u/5749706970?,"https://tvax1.sinaimg.cn/crop.0.0.540.540.180/006h7brcly8huvlt8glnej30f00f0mxl.jpg?KID=imgbed,tva&Expires=1748619384&ssig=68ThlSYIKX",2,ä¸­å­¦ç”Ÿ,2
5172099137935669,1748636790,2025-05-30 20:26:30+08:00,5172095849857912,æ˜¯å•Šç™»ä¸ªå±±æ€ä¹ˆå°±èƒ½ä¿é€äº†,0,1,1748608584740,æ±Ÿè‹,5172099137935669,5800561018,å‡ æ—¶äº†ä¸äº†,f,https://m.weibo.cn/u/5800561018?,"https://tvax3.sinaimg.cn/crop.0.0.1080.1080.180/006kyyTMly8i1mbv225owj30u00u0whr.jpg?KID=imgbed,tva&Expires=1748619384&ssig=DtHatM%2Fs%2Bx",0,ä¸­å­¦ç”Ÿ,0
5172091390267227,1748634943,2025-05-30 19:55:43+08:00,5172091189986711,è¿™çœŸæ˜¯è¯ç³™ç†ä¸ç³™,0,1,1748608587493,ä¸Šæµ·,5172091390267227,6428641007,é¢œæ¸Šèˆå„¿,f,https://m.weibo.cn/u/6428641007?,"https://tvax2.sinaimg.cn/crop.0.0.1080.1080.180/00713Vcbly8hooiergucnj30u00u040s.jpg?KID=imgbed,tva&Expires=1748619387&ssig=OdFnIh79KS",0,ä¸­å­¦ç”Ÿ,0
5172097223496100,1748636334,2025-05-30 20:18:54+08:00,5172091189986711,åªè¦é’±åˆ°ä½ï¼Œåˆ«äººèƒ½ç»™ä½ æŠ—ä¸Šå»ã€‚,0,3,1748608587508,è¾½å®,5172097223496100,1822502083,å°å¸Œè¶£æ‘˜,m,https://m.weibo.cn/u/1822502083?,"https://tva1.sinaimg.cn/crop.0.0.720.720.180/6ca12cc3jw8ex9mjm8xskj20k00k040b.jpg?KID=imgbed,tva&Expires=1748619387&ssig=G129eBWdP1",0,ä¸­å­¦ç”Ÿ,0
5172098566984758,1748636654,2025-05-30 20:24:14+08:00,5172091189986711,æƒ³å¤šäº†ï¼Œé‚£è¾¹æœ‰ä¸“é—¨è¾…åŠ©ç™»å±±çš„ï¼Œåªè¦é’±äº¤å¤Ÿï¼Œèº«ä½“æ²¡ä»€ä¹ˆå¤§æ¯›ç—…ï¼Œç™»ç å³°å¹¶ä¸å›°éš¾ã€‚,0,0,1748608587522,å¹¿ä¸œ,5172098566984758,5697821575,ç‹®å­ä¸è½»æ˜“å¼,f,https://m.weibo.cn/u/5697821575?,"https://tva3.sinaimg.cn/crop.0.0.996.996.180/006dBtFZjw8f0svs4rioxj30ro0rptae.jpg?KID=imgbed,tva&Expires=1748619387&ssig=uzI89GjnaO",0,ä¸­å­¦ç”Ÿ,0
5172094272799006,1748635629,2025-05-30 20:07:09+08:00,5172089906007556,æ²¡æœ‰ä¸€æ¯›é’±å…³ç³»,0,1,1748608589379,å¹¿ä¸œ,5172094272799006,6260740664,å¿«ä¹deå°å…”å…”,f,https://m.weibo.cn/u/6260740664?,"https://tvax4.sinaimg.cn/crop.0.0.500.500.180/006PHqE8ly8hj8g7v2bzyj30dw0dwmxq.jpg?KID=imgbed,tva&Expires=1748619389&ssig=3mP%2B586W8u",0,ä¸­å­¦ç”Ÿ,0
5172091269680823,1748634914,2025-05-30 19:55:14+08:00,5172089906007556,å°±æ˜¯å•Š è¿™è·Ÿä¿é€æœ‰ä»€ä¹ˆå…³ç³»,0,1,1748608589395,å¹¿ä¸œ,5172091269680823,6260740664,å¿«ä¹deå°å…”å…”,f,https://m.weibo.cn/u/6260740664?,"https://tvax4.sinaimg.cn/crop.0.0.500.500.180/006PHqE8ly8hj8g7v2bzyj30dw0dwmxq.jpg?KID=imgbed,tva&Expires=1748619389&ssig=3mP%2B586W8u",2,ä¸­å­¦ç”Ÿ,2
5172100331476115,1748637075,2025-05-30 20:31:15+08:00,5172089906007556,,0,0,1748608589412,å®‰å¾½,5172100331476115,6673005136,å±±å±±å”¯å¤œ,f,https://m.weibo.cn/u/6673005136?,"https://tvax2.sinaimg.cn/crop.0.0.1080.1080.180/007hBft6ly8i0l0bkb2wxj30u00u041j.jpg?KID=imgbed,tva&Expires=1748619389&ssig=aX2Msumb1l",1,ä¸­å­¦ç”Ÿ,1
5172098827030755,1748636716,2025-05-30 20:25:16+08:00,5172089906007556,è¿™ä¸ªå’Œä¿é€æ²¡å¤šå¤§å…³ç³»å§,0,0,1748608589426,è¾½å®,5172098827030755,3124582163,ä½ çŒœWOæ˜¯è°-Vin,f,https://m.weibo.cn/u/3124582163?,"https://tvax4.sinaimg.cn/crop.0.0.1080.1080.180/ba3d5713ly8i1ppbqfp3tj20u00u0abt.jpg?KID=imgbed,tva&Expires=1748619389&ssig=d67rN7P%2BnS",2,ä¸­å­¦ç”Ÿ,2
5172097715538575,1748636451,2025-05-30 20:20:51+08:00,5172089906007556,è¿™ä¸ªä¹Ÿå¯ä»¥å•Š,0,0,1748608589440,æ±Ÿè‹,5172097715538575,6283234883,åŸƒè‰å„¿,f,https://m.weibo.cn/u/6283234883?,"https://tvax2.sinaimg.cn/crop.0.0.512.512.180/006RdOq7ly8i1sixjffukj30e80e874n.jpg?KID=imgbed,tva&Expires=1748619389&ssig=jt9gJWa1MC",1,ä¸­å­¦ç”Ÿ,1
5172097585253525,1748636420,2025-05-30 20:20:20+08:00,5172089906007556,æˆ‘ä¹Ÿä¸çŸ¥é“,0,0,1748608589456,ç¦å»º,5172097585253525,7537856672,ç»¼è‰ºå¯†ç ,f,https://m.weibo.cn/u/7537856672?,"https://tvax3.sinaimg.cn/crop.0.0.640.640.180/008e84Rqly8hsmrerju8sj30hs0hswfc.jpg?KID=imgbed,tva&Expires=1748619389&ssig=dii4NfLocs",0,ä¸­å­¦ç”Ÿ,0
5172096613488550,1748636188,2025-05-30 20:16:28+08:00,5172089906007556,å°±æ˜¯å•Š[å“ªå’å˜Ÿå˜´]è¿™ä¿©æœ‰å•¥å…³è”,0,0,1748608589471,æ–°ç–†,5172096613488550,7404478430,æ€ªä¸–é€¸éŸ³,f,https://m.weibo.cn/u/7404478430?,"https://tvax3.sinaimg.cn/crop.0.0.512.512.180/00856r5sly8i1fk7pk6gdj30e80e8q3b.jpg?KID=imgbed,tva&Expires=1748619389&ssig=fHCFSRdeXN",2,ä¸­å­¦ç”Ÿ,2
5172096440468839,1748636147,2025-05-30 20:15:47+08:00,5172089906007556,è¿™æœ‰å…³ç³»å—ï¼Ÿ,0,0,1748608589486,æ²³å—,5172096440468839,7459321369,æ—æ˜ŸæŒ½-æ´‹,f,https://m.weibo.cn/u/7459321369?,"https://tvax1.sinaimg.cn/crop.0.0.1080.1080.180/0088OyeZly8hw7oqvzbfmj30u00u00u3.jpg?KID=imgbed,tva&Expires=1748619389&ssig=2ZDCV3YnQ6",2,ä¸­å­¦ç”Ÿ,2
5172095436982825,1748635908,2025-05-30 20:11:48+08:00,5172089906007556,è¿™æ ¹æœ¬å°±ä¸æ˜¯ä¸€ä¸ªå±‚æ¬¡,0,0,1748608589500,æ±Ÿè‹,5172095436982825,1219738862,è‹ç±³é±¼,f,https://m.weibo.cn/u/1219738862?,"https://tvax4.sinaimg.cn/crop.0.0.1080.1080.180/48b3bceely8i1kwm7p7pvj20u00u0n2y.jpg?KID=imgbed,tva&Expires=1748619389&ssig=gXrcNjt86f",2,ä¸­å­¦ç”Ÿ,2
5172094599436724,1748635708,2025-05-30 20:08:28+08:00,5172089906007556,ç¡®å®æ²¡æœ‰ä»€ä¹ˆå…³ç³»,0,0,1748608589513,é™•è¥¿,5172094599436724,6162280804,ç‚¹ç‚¹å–œæ¬¢å…»ä¹å¤š,f,https://m.weibo.cn/u/6162280804?,"https://tvax3.sinaimg.cn/crop.0.0.996.996.180/006J2iJSly8ge18ujk2iyj30ro0roabm.jpg?KID=imgbed,tva&Expires=1748619389&ssig=q7CJb5jJ%2FF",0,ä¸­å­¦ç”Ÿ,0
5172099749778350,1748636936,2025-05-30 20:28:56+08:00,5172096512820853,æ„Ÿè§‰æ²¡å…³ç³»å•Š,1,0,1748608591342,æ²³åŒ—,5172099749778350,7801420406,lroonin-åˆé€¢æ¢¨èŠ±é›¨,m,https://m.weibo.cn/u/7801420406?,"https://tvax2.sinaimg.cn/crop.0.0.1080.1080.180/008vXXPoly8i1vloutphqj30u00u0juv.jpg?KID=imgbed,tva&Expires=1748619391&ssig=S1dS%2F2EfBR",2,ä¸­å­¦ç”Ÿ,2
5172099205563184,1748636806,2025-05-30 20:26:46+08:00,5172096512820853,æ²¡äº‹ä½ å¯ä»¥å»è€¶é²,1,0,1748608591357,æ±Ÿè‹,5172099205563184,7701800350,Loveç•™ä½æ˜Ÿè€€,f,https://m.weibo.cn/u/7701800350?,"https://tvax3.sinaimg.cn/crop.0.0.486.486.180/008pdY6ily8hnpodw3r9rj30di0di3zj.jpg?KID=imgbed,tva&Expires=1748619391&ssig=iufdmBvyIr",1,ä¸­å­¦ç”Ÿ,1
5172099700232058,1748636924,2025-05-30 20:28:44+08:00,5172096512820853,ç¡®å®æ˜¯è¿™æ ·,0,0,1748608591371,è¾½å®,5172099700232058,7438854121,å°äº­çˆ±åƒç²˜è‹ç±³,f,https://m.weibo.cn/u/7438854121?,"https://tvax3.sinaimg.cn/crop.0.0.828.828.180/0087qFM5ly8i1ghludpg7j30n00n040s.jpg?KID=imgbed,tva&Expires=1748619391&ssig=qG47uk0pbM",0,ä¸­å­¦ç”Ÿ,0
5172099666412902,1748636916,2025-05-30 20:28:36+08:00,5172096512820853,æ˜¯è¿™æ ·çš„å•Š,0,0,1748608591386,ç¦å»º,5172099666412902,7565420894,å¦ææ³°æ¥v-v,m,https://m.weibo.cn/u/7565420894?,"https://tvax4.sinaimg.cn/crop.0.0.512.512.180/008fZJzEly8hyr0u5pu4rj30e80e8mxh.jpg?KID=imgbed,tva&Expires=1748619391&ssig=A8K8QfbR2X",2,ä¸­å­¦ç”Ÿ,2
5172099226014625,1748636811,2025-05-30 20:26:51+08:00,5172096512820853,å°±æ˜¯å•Š æ²¡æœ‰å…³ç³»çš„,0,0,1748608591401,å¹¿ä¸œ,5172099226014625,6330133439,æ¶å½¹åƒé‡‘,f,https://m.weibo.cn/u/6330133439?,"https://tvax4.sinaimg.cn/crop.0.0.1080.1080.180/006UoASrly8i1tsqbjvvhj30u00u0tcu.jpg?KID=imgbed,tva&Expires=1748619391&ssig=Uti2edrba8",0,ä¸­å­¦ç”Ÿ,0
5172099115385475,1748636784,2025-05-30 20:26:24+08:00,5172096512820853,æ²¡æœ‰å…³ç³»å§,0,0,1748608591414,æ±Ÿè‹,5172099115385475,7219134547,Kryunostal,f,https://m.weibo.cn/u/7219134547?,"https://tvax1.sinaimg.cn/crop.0.0.1080.1080.180/007SyKFZly8i1ukltq5b2j30u00u040f.jpg?KID=imgbed,tva&Expires=1748619391&ssig=VzPUd9Yb8V",0,ä¸­å­¦ç”Ÿ,0
5172099060863634,1748636772,2025-05-30 20:26:12+08:00,5172096512820853,åº”è¯¥ä¸èƒ½ä¿é€å§,0,0,1748608591428,æ²³å—,5172099060863634,7940754403,Zaynieé‡åº¦ä¾èµ–,f,https://m.weibo.cn/u/7940754403?,"https://tvax4.sinaimg.cn/crop.0.0.1080.1080.180/008FoAXVly8i1vkhhx7v7j30u00u0dhc.jpg?KID=imgbed,tva&Expires=1748619391&ssig=ld5moW91l3",0,ä¸­å­¦ç”Ÿ,0
5172099254850471,1748636818,2025-05-30 20:26:58+08:00,5172096512820853,è¯´çš„å¤ªå¯¹äº†,0,0,1748608591442,é™•è¥¿,5172099254850471,6201221466,å¤§å­Ÿå…½ä¹‹å¤å¤©èµ¶å¿«è¿‡å»å§,f,https://m.weibo.cn/u/6201221466?,"https://tvax1.sinaimg.cn/crop.0.0.1000.1000.180/006LFGZ4ly8hx7fzvrw4oj30rs0rsq4n.jpg?KID=imgbed,tva&Expires=1748619391&ssig=gwd1qjEVVb",0,ä¸­å­¦ç”Ÿ,0
5172091935528874,1748635073,2025-05-30 19:57:53+08:00,5172088899896762,äººå®¶æ˜¯æ‹¼å®åŠ›ï¼Œå’±è¿™é‡Œæ˜¯æ‹¼ç¥–å®—ã€‚,0,2,1748608594909,å±±ä¸œ,5172091935528874,5773590392,å¯…è™çš„åŠæ­¥å´©æ‹³-,m,https://m.weibo.cn/u/5773590392?,"https://tvax4.sinaimg.cn/crop.0.0.995.995.180/006iJoBGly8h9lxnbnt9cj30rn0rnn28.jpg?KID=imgbed,tva&Expires=1748619394&ssig=q4BxbdF5Al",0,ä¸­å­¦ç”Ÿ,0
5172092108802884,1748635114,2025-05-30 19:58:34+08:00,5172088899896762,å®ƒä»¬çš„4+4,0,0,1748608594925,å¹¿ä¸œ,5172092108802884,2328091411,Aking1840,m,https://m.weibo.cn/u/2328091411?,"https://tvax2.sinaimg.cn/crop.0.0.600.600.180/8ac3db13ly8hfvouopeq4j20go0gotaj.jpg?KID=imgbed,tva&Expires=1748619394&ssig=e7CWTjFzGJ",0,ä¸­å­¦ç”Ÿ,0
5172091215414605,1748634901,2025-05-30 19:55:01+08:00,5172088899896762,å¯é€‰çš„è·¯å¤ªå¤šäº†ï¼Œå›½å¤–ä¸Šä¸äº†åæ ¡ï¼Œä¹Ÿå¯ä»¥é€‰é«˜è€ƒåŠ åˆ†ï¼Œä¸è¡Œåœ¨é€‰ä¿é€ã€‚æ™®é€šäººéš¾,0,0,1748608594939,åŒ—äº¬,5172091215414605,5974841455,å£«åå£«å,m,https://m.weibo.cn/u/5974841455?,"https://tvax4.sinaimg.cn/crop.0.0.888.888.180/006wlPczly8gaak7nhmimj30oo0oo409.jpg?KID=imgbed,tva&Expires=1748619394&ssig=Erxz2AcMrr",0,ä¸­å­¦ç”Ÿ,0
5172089494440435,1748634491,2025-05-30 19:48:11+08:00,5172088899896762,æ™®é€šå®¶åº­ç©ä¸èµ·,0,1,1748608594953,æ±Ÿè‹,5172089494440435,6567006258,å¿«ä¹èµ·èˆhappy,f,https://m.weibo.cn/u/6567006258?,"https://tvax3.sinaimg.cn/crop.0.0.996.996.180/007aqujMly8gvrnrawmjfj30ro0rodhb.jpg?KID=imgbed,tva&Expires=1748619394&ssig=wtyEeWhPmS",2,ä¸­å­¦ç”Ÿ,2
5172099749778350,1748636936,2025-05-30 20:28:56+08:00,5172096512820853,æ„Ÿè§‰æ²¡å…³ç³»å•Š,1,0,1748608604180,æ²³åŒ—,5172099749778350,7801420406,lroonin-åˆé€¢æ¢¨èŠ±é›¨,m,https://m.weibo.cn/u/7801420406?,"https://tvax2.sinaimg.cn/crop.0.0.1080.1080.180/008vXXPoly8i1vloutphqj30u00u0juv.jpg?KID=imgbed,tva&Expires=1748619403&ssig=yRhcxh8spi",2,ä¸­å­¦ç”Ÿ,2
5172099205563184,1748636806,2025-05-30 20:26:46+08:00,5172096512820853,æ²¡äº‹ä½ å¯ä»¥å»è€¶é²,1,0,1748608604197,æ±Ÿè‹,5172099205563184,7701800350,Loveç•™ä½æ˜Ÿè€€,f,https://m.weibo.cn/u/7701800350?,"https://tvax3.sinaimg.cn/crop.0.0.486.486.180/008pdY6ily8hnpodw3r9rj30di0di3zj.jpg?KID=imgbed,tva&Expires=1748619403&ssig=5LYKWVve5I",1,ä¸­å­¦ç”Ÿ,1
5172099700232058,1748636924,2025-05-30 20:28:44+08:00,5172096512820853,ç¡®å®æ˜¯è¿™æ ·,0,0,1748608604210,è¾½å®,5172099700232058,7438854121,å°äº­çˆ±åƒç²˜è‹ç±³,f,https://m.weibo.cn/u/7438854121?,"https://tvax3.sinaimg.cn/crop.0.0.828.828.180/0087qFM5ly8i1ghludpg7j30n00n040s.jpg?KID=imgbed,tva&Expires=1748619403&ssig=gWQP71Rq2s",0,ä¸­å­¦ç”Ÿ,0
5172099666412902,1748636916,2025-05-30 20:28:36+08:00,5172096512820853,æ˜¯è¿™æ ·çš„å•Š,0,0,1748608604225,ç¦å»º,5172099666412902,7565420894,å¦ææ³°æ¥v-v,m,https://m.weibo.cn/u/7565420894?,"https://tvax4.sinaimg.cn/crop.0.0.512.512.180/008fZJzEly8hyr0u5pu4rj30e80e8mxh.jpg?KID=imgbed,tva&Expires=1748619403&ssig=sKcUs3sR6q",2,ä¸­å­¦ç”Ÿ,2
5172099226014625,1748636811,2025-05-30 20:26:51+08:00,5172096512820853,å°±æ˜¯å•Š æ²¡æœ‰å…³ç³»çš„,0,0,1748608604240,å¹¿ä¸œ,5172099226014625,6330133439,æ¶å½¹åƒé‡‘,f,https://m.weibo.cn/u/6330133439?,"https://tvax4.sinaimg.cn/crop.0.0.1080.1080.180/006UoASrly8i1tsqbjvvhj30u00u0tcu.jpg?KID=imgbed,tva&Expires=1748619403&ssig=Z4a0z3sJZd",0,ä¸­å­¦ç”Ÿ,0
5172099115385475,1748636784,2025-05-30 20:26:24+08:00,5172096512820853,æ²¡æœ‰å…³ç³»å§,0,0,1748608604256,æ±Ÿè‹,5172099115385475,7219134547,Kryunostal,f,https://m.weibo.cn/u/7219134547?,"https://tvax1.sinaimg.cn/crop.0.0.1080.1080.180/007SyKFZly8i1ukltq5b2j30u00u040f.jpg?KID=imgbed,tva&Expires=1748619403&ssig=mVhdpXwbSP",0,ä¸­å­¦ç”Ÿ,0
5172099060863634,1748636772,2025-05-30 20:26:12+08:00,5172096512820853,åº”è¯¥ä¸èƒ½ä¿é€å§,0,0,1748608604270,æ²³å—,5172099060863634,7940754403,Zaynieé‡åº¦ä¾èµ–,f,https://m.weibo.cn/u/7940754403?,"https://tvax4.sinaimg.cn/crop.0.0.1080.1080.180/008FoAXVly8i1vkhhx7v7j30u00u0dhc.jpg?KID=imgbed,tva&Expires=1748619403&ssig=btUQJpcg%2Fq",0,ä¸­å­¦ç”Ÿ,0
5172099254850471,1748636818,2025-05-30 20:26:58+08:00,5172096512820853,è¯´çš„å¤ªå¯¹äº†,0,0,1748608604284,é™•è¥¿,5172099254850471,6201221466,å¤§å­Ÿå…½ä¹‹å¤å¤©èµ¶å¿«è¿‡å»å§,f,https://m.weibo.cn/u/6201221466?,"https://tvax1.sinaimg.cn/crop.0.0.1000.1000.180/006LFGZ4ly8hx7fzvrw4oj30rs0rsq4n.jpg?KID=imgbed,tva&Expires=1748619403&ssig=D9ttnTujHw",0,ä¸­å­¦ç”Ÿ,0
5172098784037153,1748636706,2025-05-30 20:25:06+08:00,5172098578515275,å¯¹æ­¤ä½ æ€ä¹ˆçœ‹ï¼Ÿ,0,0,1748608606027,å‰æ—,5172098784037153,1116275530,è§†ç‚¹è§†é¢‘,m,https://m.weibo.cn/u/1116275530?,"https://tvax4.sinaimg.cn/crop.0.0.1080.1080.180/4289034aly1i0k3ydpcocj20u00u00tu.jpg?KID=imgbed,tva&Expires=1748619405&ssig=dCkMDZHbfI",2,ä¸­å­¦ç”Ÿ,2
5172099274513310,1748636823,2025-05-30 20:27:03+08:00,5172098578515275,ç™»æœˆçƒå¯ä»¥ä¿é€,0,0,1748608606045,å‰æ—,5172099274513310,5444133963,å‰åœˆå§,f,https://m.weibo.cn/u/5444133963?,"https://tvax2.sinaimg.cn/crop.0.0.1080.1080.180/005Wr1Wjly8hplkah5067j30u00u0wfn.jpg?KID=imgbed,tva&Expires=1748619405&ssig=BQdzgvp%2FD8",1,ä¸­å­¦ç”Ÿ,1
5172098705918783,1748636687,2025-05-30 20:24:47+08:00,5172098578515275,# æ¸…åå›åº”ä¸­å­¦ç”Ÿç™»ç å³°ä¿é€äº‰è®®ï¼Œä»¥æˆç»©å’Œé¡¹ç›®ä¸ºå‡†ç»³ï¼Œå½°æ˜¾å…¬å¹³é€‰æ‹”åŸåˆ™ï¼Œå¤šå…ƒè¯„ä»·äº¦éœ€ç­‘ç‰¢å­¦æœ¯æ ¹åŸºã€‚,0,0,1748608606059,å¹¿ä¸œ,5172098705918783,5649170494,å…°å·å¾®æ’­,m,https://m.weibo.cn/u/5649170494?,"https://tva1.sinaimg.cn/crop.117.122.1121.1121.180/006ajlj8jw8f7jsq2f3ebj312d10p461.jpg?KID=imgbed,tva&Expires=1748619405&ssig=wMXL0sSZl%2B",2,ä¸­å­¦ç”Ÿ,2
5172100111008426,1748637021,2025-05-30 20:30:21+08:00,5172098578515275,è½¬å‘å¾®åš,0,0,1748608606073,å‰æ—,5172100111008426,7512778314,dgsocn,f,https://m.weibo.cn/u/7512778314?,"https://tvax4.sinaimg.cn/crop.0.0.1078.1078.180/008cqQPMly8hys7yh0igwj30ty0ty74w.jpg?KID=imgbed,tva&Expires=1748619405&ssig=rl6loQg2vu",2,ä¸­å­¦ç”Ÿ,2
5172099883729847,1748636967,2025-05-30 20:29:27+08:00,5172098578515275,ä½ å’‹çœ‹ ç”¨çœ¼ç›ğŸ‘€,0,0,1748608606087,å‰æ—,5172099883729847,7936445350,é•¿æ˜¥å‘ç°æˆ‘ä»¬,f,https://m.weibo.cn/u/7936445350?,"https://tvax2.sinaimg.cn/crop.0.0.1078.1078.180/008F6vZ4ly8hyrlg6xm8xj30ty0tyn0i.jpg?KID=imgbed,tva&Expires=1748619405&ssig=Ru2oULbOqG",0,ä¸­å­¦ç”Ÿ,0
5172099741653767,1748636934,2025-05-30 20:28:54+08:00,5172098578515275,æ²¡è®°é”™çš„è¯â€¦.åŒ—å¡æ˜¯ä¸è®¸æœªæˆå¹´äººæ”€ç™»çš„ï¼Œå¥½å¥‡ä»–æ€ä¹ˆåšåˆ°äº†,0,0,1748608606101,å‰æ—,5172099741653767,7294999437,è°·ç©—è§†é¢‘,f,https://m.weibo.cn/u/7294999437?,"https://tvax1.sinaimg.cn/crop.0.0.800.800.180/007XH4Bfly8hs050l2ii2j30m80m8dh0.jpg?KID=imgbed,tva&Expires=1748619405&ssig=%2FSwDPnDUbR",0,ä¸­å­¦ç”Ÿ,0
5172099513584164,1748636879,2025-05-30 20:27:59+08:00,5172098578515275,è¿™è¦æ˜¯èƒ½ä¿é€ é‚£è¿˜ä¸Šä»€ä¹ˆå­¦äº†,0,0,1748608606115,å‰æ—,5172099513584164,7936709183,é•¿æ˜¥ä¹‹ç¾,f,https://m.weibo.cn/u/7936709183?,"https://tvax4.sinaimg.cn/crop.0.0.1078.1078.180/008F7CCrly8hyrjm1e8ioj30ty0ty3zv.jpg?KID=imgbed,tva&Expires=1748619405&ssig=iPORwFwkVu",1,ä¸­å­¦ç”Ÿ,1
5172101264445142,1748637297,2025-05-30 20:34:57+08:00,5172098578515275,è½¬å‘å¾®åš,0,0,1748608606128,å‰æ—,5172101264445142,5636670081,é•¿æ˜¥å‘ç°,f,https://m.weibo.cn/u/5636670081?,"https://tvax4.sinaimg.cn/crop.0.0.512.512.180/0069sTnzly8hyrkcpzmn2j30e80e8wf6.jpg?KID=imgbed,tva&Expires=1748619405&ssig=8CTQ2MUidN",2,ä¸­å­¦ç”Ÿ,2
5172100894821052,1748637209,2025-05-30 20:33:29+08:00,5172098578515275,å¥½å§,0,0,1748608606143,å‰æ—,5172100894821052,7350127489,å‰å‰è§†é¢‘,f,https://m.weibo.cn/u/7350127489?,"https://tvax1.sinaimg.cn/crop.0.0.664.664.180/0081qnVnly8h0j5if8nxmj30ig0ig3yp.jpg?KID=imgbed,tva&Expires=1748619405&ssig=K16J1EtfQy",2,ä¸­å­¦ç”Ÿ,2
5172097254691716,1748636341,2025-05-30 20:19:01+08:00,5172094013014715,è‡ªå·±æ„å¿—åŠ›ï¼ŒåšæŒ,1,3,1748608609941,å¹¿è¥¿,5172097254691716,6189701750,æª€åŸç›¸å¾…best,f,https://m.weibo.cn/u/6189701750?,"https://tvax3.sinaimg.cn/crop.0.0.1080.1080.180/006KTmbcly8hwc62i68prj30u00u0dhq.jpg?KID=imgbed,tva&Expires=1748619409&ssig=C%2BraiZiXvw",1,ä¸­å­¦ç”Ÿ,1
5172097343291449,1748636361,2025-05-30 20:19:21+08:00,5172094013014715,ä¸ç†è§£,1,2,1748608609957,æ±Ÿè¥¿,5172097343291449,6267560631,æ€å°”ç¿Šæ¬¡-me,f,https://m.weibo.cn/u/6267560631?,"https://tvax4.sinaimg.cn/crop.0.0.1066.1066.180/006Qa2PBly8i0uen5wtgbj30tm0tmjtn.jpg?KID=imgbed,tva&Expires=1748619409&ssig=sf0MZ3nlxD",0,ä¸­å­¦ç”Ÿ,0
5172095651679626,1748635959,2025-05-30 20:12:39+08:00,5172094013014715,è¯´å¾—å¯¹ï½,1,2,1748608609971,åŒ—äº¬,5172095651679626,5863375412,å°é…’æª€,f,https://m.weibo.cn/u/5863375412?,"https://tvax1.sinaimg.cn/crop.0.0.1080.1080.180/006oO7Naly8i0wgqqi3ojj30u00u075w.jpg?KID=imgbed,tva&Expires=1748619409&ssig=lM8LKCpXcU",2,ä¸­å­¦ç”Ÿ,2
5172100161082045,1748637034,2025-05-30 20:30:34+08:00,5172094013014715,å¯¹çš„  åŠªåŠ›å§ï¼åŠ æ²¹,0,0,1748608609984,æµ™æ±Ÿ,5172100161082045,6269973185,æŠ˜æ›¸ä¸ºç•«,f,https://m.weibo.cn/u/6269973185?,"https://tvax4.sinaimg.cn/crop.0.0.852.852.180/006QkarLly8i12rqn6z80j30no0noab7.jpg?KID=imgbed,tva&Expires=1748619409&ssig=riGxTcsveT",1,ä¸­å­¦ç”Ÿ,1
5172099736143650,1748636933,2025-05-30 20:28:53+08:00,5172096657263858,è¿™å¹¶ä¸æŒ‚é’©,0,0,1748608611737,æ±Ÿè‹,5172099736143650,6776330339,æ±Ÿæ™šä¸€å¤æ–­ä½™æ„,m,https://m.weibo.cn/u/6776330339?,"https://tvax1.sinaimg.cn/crop.0.0.1080.1080.180/007oAN4Dly8htj4cqeftpj30u00u0gos.jpg?KID=imgbed,tva&Expires=1748619411&ssig=Sfl6guEZfc",2,ä¸­å­¦ç”Ÿ,2
5172097010896653,1748636283,2025-05-30 20:18:03+08:00,5172096657263858,æˆ‘ä»¬é¼“åŠ±æœ‰èƒ†è¯†çš„äººï¼Œä½†æ˜¯æ•™è‚²å…¬å¹³ä¹ŸåŒæ ·åº”è¯¥è¢«æˆ‘ä»¬æ‰€æåŠ,0,0,1748608611754,å±±ä¸œ,5172097010896653,5998022087,çŒªçŒªä¸å–çƒ­æ°´-,f,https://m.weibo.cn/u/5998022087?,"https://tvax3.sinaimg.cn/crop.0.0.512.512.180/006xV5xJly8hu7acd248mj30e80e8jsf.jpg?KID=imgbed,tva&Expires=1748619411&ssig=Og2A9C3F3B",1,ä¸­å­¦ç”Ÿ,1
5172096720437578,1748636213,2025-05-30 20:16:53+08:00,5172096657263858,è¯„è®ºï¼š  æ¸…åå¤§å­¦æ‹’ç»ç™»å±±ä¿é€çš„åšæ³•ä½“ç°äº†å¯¹æ•™è‚²å…¬å¹³å’Œå­¦æœ¯ç²¾ç¥çš„åšå®ˆã€‚åœ¨è¿½æ±‚ç‰¹é•¿å’Œç‰¹æ®Šæ‰èƒ½çš„é“è·¯ä¸Šï¼Œæˆ‘ä»¬åº”å½“é¼“åŠ±å¤šå…ƒå‘å±•è€Œéå•ä¸€è·¯å¾„ã€‚è¿™æ ·ä¸ä»…èƒ½å¤Ÿä¿ƒè¿›å­¦ç”Ÿå…¨é¢æˆé•¿ï¼Œè¿˜èƒ½é¿å…æ•™è‚²èµ„æºè¿‡åº¦é›†ä¸­ï¼Œç¡®ä¿æ¯ä¸ªå­©å­éƒ½æœ‰å¹³ç­‰çš„æ•™è‚²æœºä¼šã€‚,0,0,1748608611768,æ±Ÿè‹,5172096720437578,5318701380,åº”æ—ºå·¥ä½œå®¤,m,https://m.weibo.cn/u/5318701380?,"https://tvax2.sinaimg.cn/crop.0.0.1024.1024.180/005NWJc8ly8hi7clwprbaj30sg0sggnc.jpg?KID=imgbed,tva&Expires=1748619411&ssig=myZ8AUk1z7",1,ä¸­å­¦ç”Ÿ,1
5172101251863779,1748637294,2025-05-30 20:34:54+08:00,5172096657263858,è¿™éƒ½ä»€ä¹ˆä¹±ä¸ƒå…«ç³Ÿçš„å•Šï¼Œæ‰€æœ‰å¤§å­¦çš„ä½“è‚²å•æ‹›é¡¹ç›®å’Œåé¢éƒ½å¯ä»¥å»æŸ¥ï¼Œæ¸…åçš„ä½“è‚²å•æ‹›å°±æ²¡æœ‰ç™»å±±è¿™ä¸ªé¡¹ç›®ï¼Œæ ¹æœ¬å°±å»ä¸äº†ï¼Œç½‘å‹è„‘æ´ä¸è¦å¤ªå¤§ã€‚,0,0,1748608611781,åŒ—äº¬,5172101251863779,1940769683,ä¹è‰²é¹¿é¹¿__,f,https://m.weibo.cn/u/1940769683?,"https://tvax1.sinaimg.cn/crop.0.0.1080.1080.180/73adcb93ly8hw93cd8dnlj20u00u0q56.jpg?KID=imgbed,tva&Expires=1748619411&ssig=J04XkdGKNI",0,ä¸­å­¦ç”Ÿ,0
5172100848686578,1748637198,2025-05-30 20:33:18+08:00,5172096657263858,æœ¬æ¥å°±æ²¡æœ‰ä¿é€ï¼Œæ˜åå…¶å¦™çš„çƒ­æœè¯æ¡ã€‚,0,0,1748608611795,æ²³åŒ—,5172100848686578,1729828335,é‚£æ˜¯ä¸€ä¸ªæ™´æœ—çš„å¤œæ™š,m,https://m.weibo.cn/u/1729828335?,"https://tva4.sinaimg.cn/crop.0.0.180.180.180/671b15efjw1e8qgp5bmzyj2050050aa8.jpg?KID=imgbed,tva&Expires=1748619411&ssig=GLOVuNboDV",2,ä¸­å­¦ç”Ÿ,2
5172094272799006,1748635629,2025-05-30 20:07:09+08:00,5172089906007556,æ²¡æœ‰ä¸€æ¯›é’±å…³ç³»,0,1,1748608616393,å¹¿ä¸œ,5172094272799006,6260740664,å¿«ä¹deå°å…”å…”,f,https://m.weibo.cn/u/6260740664?,"https://tvax4.sinaimg.cn/crop.0.0.500.500.180/006PHqE8ly8hj8g7v2bzyj30dw0dwmxq.jpg?KID=imgbed,tva&Expires=1748619416&ssig=9YZk8qmdDa",0,ä¸­å­¦ç”Ÿ,0
5172091269680823,1748634914,2025-05-30 19:55:14+08:00,5172089906007556,å°±æ˜¯å•Š è¿™è·Ÿä¿é€æœ‰ä»€ä¹ˆå…³ç³»,0,1,1748608616409,å¹¿ä¸œ,5172091269680823,6260740664,å¿«ä¹deå°å…”å…”,f,https://m.weibo.cn/u/6260740664?,"https://tvax4.sinaimg.cn/crop.0.0.500.500.180/006PHqE8ly8hj8g7v2bzyj30dw0dwmxq.jpg?KID=imgbed,tva&Expires=1748619416&ssig=9YZk8qmdDa",2,ä¸­å­¦ç”Ÿ,2
5172100331476115,1748637075,2025-05-30 20:31:15+08:00,5172089906007556,,0,0,1748608616424,å®‰å¾½,5172100331476115,6673005136,å±±å±±å”¯å¤œ,f,https://m.weibo.cn/u/6673005136?,"https://tvax2.sinaimg.cn/crop.0.0.1080.1080.180/007hBft6ly8i0l0bkb2wxj30u00u041j.jpg?KID=imgbed,tva&Expires=1748619416&ssig=6VCYGv0VZ5",1,ä¸­å­¦ç”Ÿ,1
5172098827030755,1748636716,2025-05-30 20:25:16+08:00,5172089906007556,è¿™ä¸ªå’Œä¿é€æ²¡å¤šå¤§å…³ç³»å§,0,0,1748608616439,è¾½å®,5172098827030755,3124582163,ä½ çŒœWOæ˜¯è°-Vin,f,https://m.weibo.cn/u/3124582163?,"https://tvax4.sinaimg.cn/crop.0.0.1080.1080.180/ba3d5713ly8i1ppbqfp3tj20u00u0abt.jpg?KID=imgbed,tva&Expires=1748619416&ssig=C45HwsbvWW",2,ä¸­å­¦ç”Ÿ,2
5172097715538575,1748636451,2025-05-30 20:20:51+08:00,5172089906007556,è¿™ä¸ªä¹Ÿå¯ä»¥å•Š,0,0,1748608616452,æ±Ÿè‹,5172097715538575,6283234883,åŸƒè‰å„¿,f,https://m.weibo.cn/u/6283234883?,"https://tvax2.sinaimg.cn/crop.0.0.512.512.180/006RdOq7ly8i1sixjffukj30e80e874n.jpg?KID=imgbed,tva&Expires=1748619416&ssig=QbQvWlwvF4",1,ä¸­å­¦ç”Ÿ,1
5172097585253525,1748636420,2025-05-30 20:20:20+08:00,5172089906007556,æˆ‘ä¹Ÿä¸çŸ¥é“,0,0,1748608616465,ç¦å»º,5172097585253525,7537856672,ç»¼è‰ºå¯†ç ,f,https://m.weibo.cn/u/7537856672?,"https://tvax3.sinaimg.cn/crop.0.0.640.640.180/008e84Rqly8hsmrerju8sj30hs0hswfc.jpg?KID=imgbed,tva&Expires=1748619416&ssig=HSUG%2BsjUHk",0,ä¸­å­¦ç”Ÿ,0
5172096613488550,1748636188,2025-05-30 20:16:28+08:00,5172089906007556,å°±æ˜¯å•Š[å“ªå’å˜Ÿå˜´]è¿™ä¿©æœ‰å•¥å…³è”,0,0,1748608616480,æ–°ç–†,5172096613488550,7404478430,æ€ªä¸–é€¸éŸ³,f,https://m.weibo.cn/u/7404478430?,"https://tvax3.sinaimg.cn/crop.0.0.512.512.180/00856r5sly8i1fk7pk6gdj30e80e8q3b.jpg?KID=imgbed,tva&Expires=1748619416&ssig=lHrn74J6Lk",2,ä¸­å­¦ç”Ÿ,2
5172096440468839,1748636147,2025-05-30 20:15:47+08:00,5172089906007556,è¿™æœ‰å…³ç³»å—ï¼Ÿ,0,0,1748608616492,æ²³å—,5172096440468839,7459321369,æ—æ˜ŸæŒ½-æ´‹,f,https://m.weibo.cn/u/7459321369?,"https://tvax1.sinaimg.cn/crop.0.0.1080.1080.180/0088OyeZly8hw7oqvzbfmj30u00u00u3.jpg?KID=imgbed,tva&Expires=1748619416&ssig=mRNuHkfVs5",2,ä¸­å­¦ç”Ÿ,2
5172095436982825,1748635908,2025-05-30 20:11:48+08:00,5172089906007556,è¿™æ ¹æœ¬å°±ä¸æ˜¯ä¸€ä¸ªå±‚æ¬¡,0,0,1748608616506,æ±Ÿè‹,5172095436982825,1219738862,è‹ç±³é±¼,f,https://m.weibo.cn/u/1219738862?,"https://tvax4.sinaimg.cn/crop.0.0.1080.1080.180/48b3bceely8i1kwm7p7pvj20u00u0n2y.jpg?KID=imgbed,tva&Expires=1748619416&ssig=S0MtAbd3lS",2,ä¸­å­¦ç”Ÿ,2
5172094599436724,1748635708,2025-05-30 20:08:28+08:00,5172089906007556,ç¡®å®æ²¡æœ‰ä»€ä¹ˆå…³ç³»,0,0,1748608616520,é™•è¥¿,5172094599436724,6162280804,ç‚¹ç‚¹å–œæ¬¢å…»ä¹å¤š,f,https://m.weibo.cn/u/6162280804?,"https://tvax3.sinaimg.cn/crop.0.0.996.996.180/006J2iJSly8ge18ujk2iyj30ro0roabm.jpg?KID=imgbed,tva&Expires=1748619416&ssig=7mAFrOsWSx",0,ä¸­å­¦ç”Ÿ,0
5172091935528874,1748635073,2025-05-30 19:57:53+08:00,5172088899896762,äººå®¶æ˜¯æ‹¼å®åŠ›ï¼Œå’±è¿™é‡Œæ˜¯æ‹¼ç¥–å®—ã€‚,0,2,1748608618959,å±±ä¸œ,5172091935528874,5773590392,å¯…è™çš„åŠæ­¥å´©æ‹³-,m,https://m.weibo.cn/u/5773590392?,"https://tvax4.sinaimg.cn/crop.0.0.995.995.180/006iJoBGly8h9lxnbnt9cj30rn0rnn28.jpg?KID=imgbed,tva&Expires=1748619418&ssig=AtfL1cGG3W",0,ä¸­å­¦ç”Ÿ,0
5172092108802884,1748635114,2025-05-30 19:58:34+08:00,5172088899896762,å®ƒä»¬çš„4+4,0,0,1748608618975,å¹¿ä¸œ,5172092108802884,2328091411,Aking1840,m,https://m.weibo.cn/u/2328091411?,"https://tvax2.sinaimg.cn/crop.0.0.600.600.180/8ac3db13ly8hfvouopeq4j20go0gotaj.jpg?KID=imgbed,tva&Expires=1748619418&ssig=TCszKP4vn6",0,ä¸­å­¦ç”Ÿ,0
5172091215414605,1748634901,2025-05-30 19:55:01+08:00,5172088899896762,å¯é€‰çš„è·¯å¤ªå¤šäº†ï¼Œå›½å¤–ä¸Šä¸äº†åæ ¡ï¼Œä¹Ÿå¯ä»¥é€‰é«˜è€ƒåŠ åˆ†ï¼Œä¸è¡Œåœ¨é€‰ä¿é€ã€‚æ™®é€šäººéš¾,0,0,1748608618988,åŒ—äº¬,5172091215414605,5974841455,å£«åå£«å,m,https://m.weibo.cn/u/5974841455?,"https://tvax4.sinaimg.cn/crop.0.0.888.888.180/006wlPczly8gaak7nhmimj30oo0oo409.jpg?KID=imgbed,tva&Expires=1748619418&ssig=8x0SYwU1zi",0,ä¸­å­¦ç”Ÿ,0
5172089494440435,1748634491,2025-05-30 19:48:11+08:00,5172088899896762,æ™®é€šå®¶åº­ç©ä¸èµ·,0,1,1748608619002,æ±Ÿè‹,5172089494440435,6567006258,å¿«ä¹èµ·èˆhappy,f,https://m.weibo.cn/u/6567006258?,"https://tvax3.sinaimg.cn/crop.0.0.996.996.180/007aqujMly8gvrnrawmjfj30ro0rodhb.jpg?KID=imgbed,tva&Expires=1748619418&ssig=%2B05S5%2F2KDe",2,ä¸­å­¦ç”Ÿ,2
